name,organization,homepage,logo,twitter,crunchbase_url,funding,member,relation,tag,license,headquarters,description,crunchbase_description,crunchbase_homepage,crunchbase_city,crunchbase_region,crunchbase_country,crunchbase_twitter,crunchbase_linkedin,crunchbase_ticker,crunchbase_kind,crunchbase_min_employees,crunchbase_max_employees,category,subcategory,oss,github_repo,github_stars,github_description,github_latest_commit_date,github_latest_commit_link,github_latest_release_date,github_latest_release_link,github_start_commit_date,github_start_commit_link,github_contributors_count,github_contributors_link,accepted,incubation,graduated,dev_stats_url,artwork_url,blog_url,mailing_list_url,slack_url,youtube_url,chat_channel,last_audit_date,last_audit_url
Amazon AppFlow,,https://aws.amazon.com/appflow/,,,,,,,,,,Secure data transfer between applications,,,,,,,,,,,,AWS,Data Integration & Migration,,,,,,,,,,,,,,,,,,,,,,,,
Amazon Athena,,https://aws.amazon.com/athena/,,,,,,,,,,Interactive query service for data in S3,,,,,,,,,,,,AWS,Analytics Services,,,,,,,,,,,,,,,,,,,,,,,,
Amazon Aurora,,https://aws.amazon.com/rds/aurora/,,,,,,,,,,MySQL and PostgreSQL-compatible relational database,,,,,,,,,,,,AWS,Database Services,,,,,,,,,,,,,,,,,,,,,,,,
Amazon Chime,,https://aws.amazon.com/chime/,,,,,,,,,,Communication service for meetings and messaging,,,,,,,,,,,,AWS,AWS Applications,,,,,,,,,,,,,,,,,,,,,,,,
Amazon CloudFront,,https://aws.amazon.com/cloudfront/,,,,,,,,,,Content delivery network,,,,,,,,,,,,AWS,Networking & Content Delivery,,,,,,,,,,,,,,,,,,,,,,,,
Amazon CloudWatch,,https://aws.amazon.com/cloudwatch/,,,,,,,,,,Monitoring and observability service,,,,,,,,,,,,AWS,Networking & Content Delivery,,,,,,,,,,,,,,,,,,,,,,,,
Amazon Comprehend,,https://aws.amazon.com/comprehend/,,,,,,,,,,Natural language processing service,,,,,,,,,,,,AWS,AI/ML Services,,,,,,,,,,,,,,,,,,,,,,,,
Amazon Connect,,https://aws.amazon.com/connect/,,,,,,,,,,Cloud-based contact center solution,,,,,,,,,,,,AWS,AWS Applications,,,,,,,,,,,,,,,,,,,,,,,,
Amazon Contact Lens for Amazon Connect,,https://aws.amazon.com/connect/contact-lens/,,,,,,,,,,Analyze customer interactions with machine learning,,,,,,,,,,,,AWS,AI/ML Services,,,,,,,,,,,,,,,,,,,,,,,,
Amazon DocumentDB,,https://aws.amazon.com/documentdb/,,,,,,,,,,MongoDB-compatible document database,,,,,,,,,,,,AWS,Database Services,,,,,,,,,,,,,,,,,,,,,,,,
Amazon DynamoDB,,https://aws.amazon.com/dynamodb/,,,,,,,,,,Fast and flexible NoSQL database,,,,,,,,,,,,AWS,Database Services,,,,,,,,,,,,,,,,,,,,,,,,
Amazon EBS,,https://aws.amazon.com/ebs/,,,,,,,,,,Persistent block storage volumes,,,,,,,,,,,,AWS,Storage Services,,,,,,,,,,,,,,,,,,,,,,,,
Amazon EC2,,https://aws.amazon.com/ec2/,,https://twitter.com/awscloud,https://www.crunchbase.com/organization/amazon-web-services,,,graduated,,,,Secure and resizable compute capacity with flexible instance types,,,,,,,,,,,,AWS,Compute Services,,,,,,,,,,,,,,,,,,,,,,,,
Amazon ECS,,https://aws.amazon.com/ecs/,,,,,,,,,,Fully managed container orchestration service,,,,,,,,,,,,AWS,Compute Services,,,,,,,,,,,,,,,,,,,,,,,,
Amazon EFS,,https://aws.amazon.com/efs/,,,,,,,,,,Serverless elastic NFS file system,,,,,,,,,,,,AWS,Storage Services,,,,,,,,,,,,,,,,,,,,,,,,
Amazon EKS,,https://aws.amazon.com/eks/,,,,,,,,,,Managed Kubernetes service,,,,,,,,,,,,AWS,Compute Services,,,,,,,,,,,,,,,,,,,,,,,,
Amazon ElastiCache,,https://aws.amazon.com/elasticache/,,,,,,,,,,In-memory caching service,,,,,,,,,,,,AWS,Database Services,,,,,,,,,,,,,,,,,,,,,,,,
Amazon EMR,,https://aws.amazon.com/emr/,,,,,,,,,,Big data processing service for Apache Spark and Hadoop,,,,,,,,,,,,AWS,Analytics Services,,,,,,,,,,,,,,,,,,,,,,,,
Amazon Forecast,,https://aws.amazon.com/forecast/,,,,,,,,,,Time series forecasting service,,,,,,,,,,,,AWS,AI/ML Services,,,,,,,,,,,,,,,,,,,,,,,,
Amazon FSx for Lustre,,https://aws.amazon.com/fsx/lustre/,,,,,,,,,,High-performance file system for computing workloads,,,,,,,,,,,,AWS,Storage Services,,,,,,,,,,,,,,,,,,,,,,,,
Amazon FSx for Windows File Server,,https://aws.amazon.com/fsx/windows/,,,,,,,,,,Fully managed Windows file storage,,,,,,,,,,,,AWS,Storage Services,,,,,,,,,,,,,,,,,,,,,,,,
Amazon Glacier,,https://aws.amazon.com/glacier/,,,,,,,,,,Low-cost storage for data archiving and long-term backup,,,,,,,,,,,,AWS,Storage Services,,,,,,,,,,,,,,,,,,,,,,,,
Amazon GuardDuty,,https://aws.amazon.com/guardduty/,,,,,,,,,,Threat detection and continuous security monitoring,,,,,,,,,,,,AWS,AWS Applications,,,,,,,,,,,,,,,,,,,,,,,,
Amazon Kinesis,,https://aws.amazon.com/kinesis/,,,,,,,,,,Real-time data streaming platform,,,,,,,,,,,,AWS,Data Integration & Migration,,,,,,,,,,,,,,,,,,,,,,,,
Amazon Kinesis Data Firehose,,https://aws.amazon.com/kinesis/data-firehose/,,,,,,,,,,Load streaming data into data stores and analytics tools,,,,,,,,,,,,AWS,Analytics Services,,,,,,,,,,,,,,,,,,,,,,,,
Amazon Kinesis Data Streams,,https://aws.amazon.com/kinesis/data-streams/,,,,,,,,,,Real-time data streaming service,,,,,,,,,,,,AWS,Analytics Services,,,,,,,,,,,,,,,,,,,,,,,,
Amazon Kinesis Video Streams,,https://aws.amazon.com/kinesis/video-streams/,,,,,,,,,,Stream video from connected devices,,,,,,,,,,,,AWS,Analytics Services,,,,,,,,,,,,,,,,,,,,,,,,
Amazon LEO,,https://aws.amazon.com/leo/,,,,,,,,,,Low Earth Orbit satellite connectivity service,,,,,,,,,,,,AWS,Networking & Content Delivery,,,,,,,,,,,,,,,,,,,,,,,,
Amazon Lex,,https://aws.amazon.com/lex/,,,,,,,,,,Build conversational interfaces,,,,,,,,,,,,AWS,AI/ML Services,,,,,,,,,,,,,,,,,,,,,,,,
Amazon Lightsail,,https://aws.amazon.com/lightsail/,,,,,,,,,,"Simple virtual servers, storage, and databases",,,,,,,,,,,,AWS,Compute Services,,,,,,,,,,,,,,,,,,,,,,,,
Amazon Lookout for Equipment,,https://aws.amazon.com/lookout-for-equipment/,,,,,,,,,,Detect equipment anomalies using machine learning,,,,,,,,,,,,AWS,AI/ML Services,,,,,,,,,,,,,,,,,,,,,,,,
Amazon Lookout for Metrics,,https://aws.amazon.com/lookout-for-metrics/,,,,,,,,,,Automatically detect anomalies,,,,,,,,,,,,AWS,AI/ML Services,,,,,,,,,,,,,,,,,,,,,,,,
Amazon Lookout for Vision,,https://aws.amazon.com/lookout-for-vision/,,,,,,,,,,Detect visual anomalies with machine learning,,,,,,,,,,,,AWS,Analytics Services,,,,,,,,,,,,,,,,,,,,,,,,
Amazon MQ,,https://aws.amazon.com/amazon-mq/,,,,,,,,,,Managed message broker service,,,,,,,,,,,,AWS,Data Integration & Migration,,,,,,,,,,,,,,,,,,,,,,,,
Amazon Neptune,,https://aws.amazon.com/neptune/,,,,,,,,,,Fast and reliable graph database,,,,,,,,,,,,AWS,Database Services,,,,,,,,,,,,,,,,,,,,,,,,
Amazon Personalize,,https://aws.amazon.com/personalize/,,,,,,,,,,Real-time personalization and recommendations,,,,,,,,,,,,AWS,AI/ML Services,,,,,,,,,,,,,,,,,,,,,,,,
Amazon Polly,,https://aws.amazon.com/polly/,,,,,,,,,,Text-to-speech service,,,,,,,,,,,,AWS,AI/ML Services,,,,,,,,,,,,,,,,,,,,,,,,
Amazon QLDB,,https://aws.amazon.com/qldb/,,,,,,,,,,Quantum Ledger Database for immutable logging,,,,,,,,,,,,AWS,Database Services,,,,,,,,,,,,,,,,,,,,,,,,
Amazon QuickSight,,https://aws.amazon.com/quicksight/,,,,,,,,,,Business intelligence and dashboards,,,,,,,,,,,,AWS,Analytics Services,,,,,,,,,,,,,,,,,,,,,,,,
Amazon RDS,,https://aws.amazon.com/rds/,,,https://www.crunchbase.com/organization/amazon-web-services,,,graduated,,,,Managed relational database,,,,,,,,,,,,AWS,Database Services,,,,,,,,,,,,,,,,,,,,,,,,
Amazon Redshift,,https://aws.amazon.com/redshift/,,,,,,,,,,"Fast, fully managed data warehouse",,,,,,,,,,,,AWS,Database Services,,,,,,,,,,,,,,,,,,,,,,,,
Amazon Redshift,,https://aws.amazon.com/redshift/,,,,,,,,,,"Fast, fully managed data warehouse",,,,,,,,,,,,AWS,Analytics Services,,,,,,,,,,,,,,,,,,,,,,,,
Amazon Rekognition,,https://aws.amazon.com/rekognition/,,,,,,,,,,Image and video recognition service,,,,,,,,,,,,AWS,AI/ML Services,,,,,,,,,,,,,,,,,,,,,,,,
Amazon Route 53,,https://aws.amazon.com/route53/,,,,,,,,,,Scalable domain name system and traffic management,,,,,,,,,,,,AWS,Networking & Content Delivery,,,,,,,,,,,,,,,,,,,,,,,,
Amazon S3,,https://aws.amazon.com/s3/,,,https://www.crunchbase.com/organization/amazon-web-services,,,graduated,,,,Scalable object storage service,,,,,,,,,,,,AWS,Storage Services,,,,,,,,,,,,,,,,,,,,,,,,
Amazon SageMaker,,https://aws.amazon.com/sagemaker/,,,,,,,,,,"Build, train, and deploy machine learning models",,,,,,,,,,,,AWS,AI/ML Services,,,,,,,,,,,,,,,,,,,,,,,,
Amazon Textract,,https://aws.amazon.com/textract/,,,,,,,,,,Extract text and data from documents,,,,,,,,,,,,AWS,AI/ML Services,,,,,,,,,,,,,,,,,,,,,,,,
Amazon Timestream,,https://aws.amazon.com/timestream/,,,,,,,,,,Time series database for IoT and real-time analytics,,,,,,,,,,,,AWS,Database Services,,,,,,,,,,,,,,,,,,,,,,,,
Amazon Translate,,https://aws.amazon.com/translate/,,,,,,,,,,Neural machine translation service,,,,,,,,,,,,AWS,AI/ML Services,,,,,,,,,,,,,,,,,,,,,,,,
Amazon VPC,,https://aws.amazon.com/vpc/,,,,,,,,,,Isolated cloud network,,,,,,,,,,,,AWS,Networking & Content Delivery,,,,,,,,,,,,,,,,,,,,,,,,
Analysis Services,,https://azure.microsoft.com/services/analysis-services/,,,,,,,,,,Enterprise-grade data modeling and analysis,,,,,,,,,,,,Microsoft Azure,Analytics Services,,,,,,,,,,,,,,,,,,,,,,,,
Analytics Cloud,,https://www.oracle.com/cloud/analytics/,,,,,,,,,,Enterprise analytics and BI platform,,,,,,,,,,,,Oracle Cloud Infrastructure,Analytics Services,,,,,,,,,,,,,,,,,,,,,,,,
Analytics Engine,,https://www.ibm.com/cloud/analytics-engine,,,,,,,,,,Apache Spark analytics service,,,,,,,,,,,,IBM Cloud,Analytics Services,,,,,,,,,,,,,,,,,,,,,,,,
Anomaly Detection,,https://www.oracle.com/cloud/anomaly-detection/,,,,,,,,,,Detect anomalies in data,,,,,,,,,,,,Oracle Cloud Infrastructure,AI/ML Services,,,,,,,,,,,,,,,,,,,,,,,,
Anomaly Detector,,https://azure.microsoft.com/services/cognitive-services/anomaly-detector/,,,,,,,,,,Detect anomalies in time series data,,,,,,,,,,,,Microsoft Azure,AI/ML Services,,,,,,,,,,,,,,,,,,,,,,,,
Anthos Service Mesh,,https://cloud.google.com/anthos/service-mesh,,,,,,,,,,Service mesh for applications,,,,,,,,,,,,Google Cloud Platform,Networking & Content Delivery,,,,,,,,,,,,,,,,,,,,,,,,
App Engine,,https://cloud.google.com/appengine,,,,,,,,,,Platform as a Service for web applications,,,,,,,,,,,,Google Cloud Platform,Compute Services,,,,,,,,,,,,,,,,,,,,,,,,
App Service,,https://azure.microsoft.com/services/app-service/,,,,,,,,,,"Build and host web apps, mobile backends, and RESTful APIs",,,,,,,,,,,,Microsoft Azure,Compute Services,,,,,,,,,,,,,,,,,,,,,,,,
Application Gateway,,https://azure.microsoft.com/services/application-gateway/,,,,,,,,,,Layer 7 load balancer and web application firewall,,,,,,,,,,,,Microsoft Azure,Networking & Content Delivery,,,,,,,,,,,,,,,,,,,,,,,,
Application Load Balancer,,https://aws.amazon.com/elasticloadbalancing/applicationloadbalancer/,,,,,,,,,,Layer 7 load balancer for modern applications,,,,,,,,,,,,AWS,Networking & Content Delivery,,,,,,,,,,,,,,,,,,,,,,,,
Archive Storage,,https://azure.microsoft.com/services/storage/archive/,,,,,,,,,,Long-term retention storage with lowest cost,,,,,,,,,,,,Microsoft Azure,Storage Services,,,,,,,,,,,,,,,,,,,,,,,,
Archive Storage,,https://www.oracle.com/cloud/storage/archive-storage/,,,,,,,,,,Long-term data archival storage,,,,,,,,,,,,Oracle Cloud Infrastructure,Storage Services,,,,,,,,,,,,,,,,,,,,,,,,
Auto Scaling,,https://aws.amazon.com/autoscaling/,,,,,,,,,,Automatic scaling of EC2 instances and resources,,,,,,,,,,,,AWS,Compute Services,,,,,,,,,,,,,,,,,,,,,,,,
AutoML,,https://cloud.google.com/automl,,,,,,,,,,Build custom ML models without coding,,,,,,,,,,,,Google Cloud Platform,AI/ML Services,,,,,,,,,,,,,,,,,,,,,,,,
Autonomous Database,,https://www.oracle.com/cloud/database/autonomous-database/,,,,,,,,,,Self-driving database service,,,,,,,,,,,,Oracle Cloud Infrastructure,Database Services,,,,,,,,,,,,,,,,,,,,,,,,
AWS App Mesh,,https://aws.amazon.com/app-mesh/,,,,,,,,,,Service mesh for microservices,,,,,,,,,,,,AWS,Networking & Content Delivery,,,,,,,,,,,,,,,,,,,,,,,,
AWS App Runner,,https://aws.amazon.com/apprunner/,,,,,,,,,,Fully managed service to build and run containerized applications,,,,,,,,,,,,AWS,Compute Services,,,,,,,,,,,,,,,,,,,,,,,,
AWS Backup,,https://aws.amazon.com/backup/,,,,,,,,,,"Centralized, policy-based backup service",,,,,,,,,,,,AWS,Storage Services,,,,,,,,,,,,,,,,,,,,,,,,
AWS Batch,,https://aws.amazon.com/batch/,,,,,,,,,,Fully managed batch computing service,,,,,,,,,,,,AWS,Compute Services,,,,,,,,,,,,,,,,,,,,,,,,
AWS Certificate Manager,,https://aws.amazon.com/certificate-manager/,,,,,,,,,,SSL/TLS certificate management,,,,,,,,,,,,AWS,AWS Applications,,,,,,,,,,,,,,,,,,,,,,,,
AWS CloudTrail,,https://aws.amazon.com/cloudtrail/,,,,,,,,,,Track user activity and API calls,,,,,,,,,,,,AWS,AWS Applications,,,,,,,,,,,,,,,,,,,,,,,,
AWS Config,,https://aws.amazon.com/config/,,,,,,,,,,Track AWS resource configurations,,,,,,,,,,,,AWS,AWS Applications,,,,,,,,,,,,,,,,,,,,,,,,
AWS Database Migration Service,,https://aws.amazon.com/dms/,,,,,,,,,,Migrate databases with minimal downtime,,,,,,,,,,,,AWS,Database Services,,,,,,,,,,,,,,,,,,,,,,,,
AWS Database Migration Service,,https://aws.amazon.com/dms/,,,,,,,,,,Migrate databases with minimal downtime,,,,,,,,,,,,AWS,Data Integration & Migration,,,,,,,,,,,,,,,,,,,,,,,,
AWS DataBrew,,https://aws.amazon.com/databrew/,,,,,,,,,,Prepare and clean data using visual interface,,,,,,,,,,,,AWS,Analytics Services,,,,,,,,,,,,,,,,,,,,,,,,
AWS DataBrew,,https://aws.amazon.com/databrew/,,,,,,,,,,Prepare and clean data using visual interface,,,,,,,,,,,,AWS,Data Integration & Migration,,,,,,,,,,,,,,,,,,,,,,,,
AWS DataSync,,https://aws.amazon.com/datasync/,,,,,,,,,,Automate large-scale data transfers,,,,,,,,,,,,AWS,Storage Services,,,,,,,,,,,,,,,,,,,,,,,,
AWS DataSync,,https://aws.amazon.com/datasync/,,,,,,,,,,Automate large-scale data transfers,,,,,,,,,,,,AWS,Data Integration & Migration,,,,,,,,,,,,,,,,,,,,,,,,
AWS Direct Connect,,https://aws.amazon.com/directconnect/,,,,,,,,,,Dedicated network connection to AWS,,,,,,,,,,,,AWS,Networking & Content Delivery,,,,,,,,,,,,,,,,,,,,,,,,
AWS Firewall Manager,,https://aws.amazon.com/waf/firewall-manager/,,,,,,,,,,Centralized firewall management,,,,,,,,,,,,AWS,Networking & Content Delivery,,,,,,,,,,,,,,,,,,,,,,,,
AWS Glue,,https://aws.amazon.com/glue/,,,,,,,,,,"Extract, transform, and load data",,,,,,,,,,,,AWS,Analytics Services,,,,,,,,,,,,,,,,,,,,,,,,
AWS Glue,,https://aws.amazon.com/glue/,,,,,,,,,,"Extract, transform, and load data",,,,,,,,,,,,AWS,Data Integration & Migration,,,,,,,,,,,,,,,,,,,,,,,,
AWS Ground Station,,https://aws.amazon.com/ground-station/,,,,,,,,,,Fully managed ground station as a service,,,,,,,,,,,,AWS,Networking & Content Delivery,,,,,,,,,,,,,,,,,,,,,,,,
AWS Ground Station,,https://aws.amazon.com/ground-station/,,,,,,,,,,Fully managed ground station as a service,,,,,,,,,,,,AWS,Data Integration & Migration,,,,,,,,,,,,,,,,,,,,,,,,
AWS IoT Core,,https://aws.amazon.com/iot-core/,,,,,,,,,,Managed IoT platform for connected devices,,,,,,,,,,,,AWS,AWS Applications,,,,,,,,,,,,,,,,,,,,,,,,
AWS Lake Formation,,https://aws.amazon.com/lake-formation/,,,,,,,,,,Build secure data lakes,,,,,,,,,,,,AWS,Analytics Services,,,,,,,,,,,,,,,,,,,,,,,,
AWS Lambda,,https://aws.amazon.com/lambda/,,,,,,,,,,Serverless compute for event-driven workloads,,,,,,,,,,,,AWS,Compute Services,,,,,,,,,,,,,,,,,,,,,,,,
AWS Marketplace,,https://aws.amazon.com/marketplace/,,,,,,,,,,Third-party software and applications for AWS,,,,,,,,,,,,AWS,AWS Applications,,,,,,,,,,,,,,,,,,,,,,,,
AWS Outposts,,https://aws.amazon.com/outposts/,,,,,,,,,,Fully managed service for on-premises AWS infrastructure,,,,,,,,,,,,AWS,Compute Services,,,,,,,,,,,,,,,,,,,,,,,,
AWS PrivateLink,,https://aws.amazon.com/privatelink/,,,,,,,,,,Provide private connectivity between VPCs and services,,,,,,,,,,,,AWS,Networking & Content Delivery,,,,,,,,,,,,,,,,,,,,,,,,
AWS Secrets Manager,,https://aws.amazon.com/secrets-manager/,,,,,,,,,,Manage secrets and credentials,,,,,,,,,,,,AWS,AWS Applications,,,,,,,,,,,,,,,,,,,,,,,,
AWS Shield,,https://aws.amazon.com/shield/,,,,,,,,,,DDoS protection service,,,,,,,,,,,,AWS,Networking & Content Delivery,,,,,,,,,,,,,,,,,,,,,,,,
AWS Snow Family,,https://aws.amazon.com/snow/,,,,,,,,,,Physical devices for secure data transfer and edge computing,,,,,,,,,,,,AWS,Storage Services,,,,,,,,,,,,,,,,,,,,,,,,
AWS Storage Gateway,,https://aws.amazon.com/storagegateway/,,,,,,,,,,Hybrid cloud storage with local caching,,,,,,,,,,,,AWS,Storage Services,,,,,,,,,,,,,,,,,,,,,,,,
AWS Transfer Family,,https://aws.amazon.com/transfer/,,,,,,,,,,"SFTP, FTPS, and FTP service",,,,,,,,,,,,AWS,Data Integration & Migration,,,,,,,,,,,,,,,,,,,,,,,,
AWS Transit Gateway,,https://aws.amazon.com/transit-gateway/,,,,,,,,,,Connect VPCs and on-premises networks,,,,,,,,,,,,AWS,Networking & Content Delivery,,,,,,,,,,,,,,,,,,,,,,,,
AWS VPN,,https://aws.amazon.com/vpn/,,,,,,,,,,Securely connect to AWS resources,,,,,,,,,,,,AWS,Networking & Content Delivery,,,,,,,,,,,,,,,,,,,,,,,,
AWS WAF,,https://aws.amazon.com/waf/,,,,,,,,,,Web application firewall,,,,,,,,,,,,AWS,Networking & Content Delivery,,,,,,,,,,,,,,,,,,,,,,,,
AWS Wavelength,,https://aws.amazon.com/wavelength/,,,,,,,,,,Deliver ultra-low latency applications,,,,,,,,,,,,AWS,Compute Services,,,,,,,,,,,,,,,,,,,,,,,,
AWS WorkSpaces,,https://aws.amazon.com/workspaces/,,,,,,,,,,Managed desktop computing service,,,,,,,,,,,,AWS,AWS Applications,,,,,,,,,,,,,,,,,,,,,,,,
Azure AI Services,,https://azure.microsoft.com/services/cognitive-services/,,,,,,,,,,Comprehensive AI services and tools,,,,,,,,,,,,Microsoft Azure,AI/ML Services,,,,,,,,,,,,,,,,,,,,,,,,
Azure Batch,,https://azure.microsoft.com/services/batch/,,,,,,,,,,Large-scale parallel and high-performance computing,,,,,,,,,,,,Microsoft Azure,Compute Services,,,,,,,,,,,,,,,,,,,,,,,,
Azure Blob Storage,,https://azure.microsoft.com/services/storage/blobs/,,,https://www.crunchbase.com/organization/microsoft-azure,,,graduated,,,,Massively scalable cloud object storage,,,,,,,,,,,,Microsoft Azure,Storage Services,,,,,,,,,,,,,,,,,,,,,,,,
Azure Communication Services,,https://azure.microsoft.com/services/communication-services/,,,,,,,,,,Build rich communication experiences,,,,,,,,,,,,Microsoft Azure,Azure Applications,,,,,,,,,,,,,,,,,,,,,,,,
Azure Container Apps,,https://azure.microsoft.com/services/container-apps/,,,,,,,,,,Build and deploy containerized apps on serverless platform,,,,,,,,,,,,Microsoft Azure,Compute Services,,,,,,,,,,,,,,,,,,,,,,,,
Azure Container Instances,,https://azure.microsoft.com/services/container-instances/,,,,,,,,,,Serverless container deployment,,,,,,,,,,,,Microsoft Azure,Compute Services,,,,,,,,,,,,,,,,,,,,,,,,
Azure DevOps,,https://azure.microsoft.com/services/devops/,,,,,,,,,,Development collaboration and CI/CD tools,,,,,,,,,,,,Microsoft Azure,Azure Applications,,,,,,,,,,,,,,,,,,,,,,,,
Azure Edge Zones,,https://azure.microsoft.com/services/edge-zones/,,,,,,,,,,Ultra-low latency computing at the edge,,,,,,,,,,,,Microsoft Azure,Networking & Content Delivery,,,,,,,,,,,,,,,,,,,,,,,,
Azure Functions,,https://azure.microsoft.com/services/functions/,,,,,,,,,,Event-driven serverless compute,,,,,,,,,,,,Microsoft Azure,Compute Services,,,,,,,,,,,,,,,,,,,,,,,,
Azure IoT Hub,,https://azure.microsoft.com/services/iot-hub/,,,,,,,,,,Managed IoT platform for device connectivity,,,,,,,,,,,,Microsoft Azure,Azure Applications,,,,,,,,,,,,,,,,,,,,,,,,
Azure Key Vault,,https://azure.microsoft.com/services/key-vault/,,,,,,,,,,Manage cryptographic keys and secrets,,,,,,,,,,,,Microsoft Azure,Azure Applications,,,,,,,,,,,,,,,,,,,,,,,,
Azure Kubernetes Service (AKS),,https://azure.microsoft.com/services/kubernetes-service/,,,,,,,,,,Fully managed Kubernetes service,,,,,,,,,,,,Microsoft Azure,Compute Services,,,,,,,,,,,,,,,,,,,,,,,,
Azure Machine Learning,,https://azure.microsoft.com/services/machine-learning/,,,,,,,,,,Enterprise-grade machine learning platform,,,,,,,,,,,,Microsoft Azure,AI/ML Services,,,,,,,,,,,,,,,,,,,,,,,,
Azure Marketplace,,https://azuremarketplace.microsoft.com/,,,,,,,,,,Third-party software and applications for Azure,,,,,,,,,,,,Microsoft Azure,Azure Applications,,,,,,,,,,,,,,,,,,,,,,,,
Azure OpenAI,,https://azure.microsoft.com/services/openai-service/,,,,,,,,,,Access to OpenAI models on Azure,,,,,,,,,,,,Microsoft Azure,AI/ML Services,,,,,,,,,,,,,,,,,,,,,,,,
Azure Orbital,,https://azure.microsoft.com/services/orbital/,,,,,,,,,,Satellite ground stations and connectivity,,,,,,,,,,,,Microsoft Azure,Networking & Content Delivery,,,,,,,,,,,,,,,,,,,,,,,,
Azure Policy,,https://azure.microsoft.com/services/azure-policy/,,,,,,,,,,Enforce organizational standards and compliance,,,,,,,,,,,,Microsoft Azure,Azure Applications,,,,,,,,,,,,,,,,,,,,,,,,
Azure Search,,https://azure.microsoft.com/services/search/,,,,,,,,,,Cloud search service for web and mobile apps,,,,,,,,,,,,Microsoft Azure,AI/ML Services,,,,,,,,,,,,,,,,,,,,,,,,
Azure Spot Virtual Machines,,https://azure.microsoft.com/services/virtual-machines/spot/,,,,,,,,,,Use unused Azure compute capacity at discounted rates,,,,,,,,,,,,Microsoft Azure,Compute Services,,,,,,,,,,,,,,,,,,,,,,,,
Azure SQL Database,,https://azure.microsoft.com/services/sql-database/,,,https://www.crunchbase.com/organization/microsoft-azure,,,graduated,,,,Fully managed SQL Server database,,,,,,,,,,,,Microsoft Azure,Database Services,,,,,,,,,,,,,,,,,,,,,,,,
Azure Virtual Machines,,https://azure.microsoft.com/services/virtual-machines/,,,https://www.crunchbase.com/organization/microsoft-azure,,,graduated,,,,Scalable computing resources with Windows or Linux,,,,,,,,,,,,Microsoft Azure,Compute Services,,,,,,,,,,,,,,,,,,,,,,,,
Azure VMware Solution,,https://azure.microsoft.com/services/azure-vmware/,,,,,,,,,,Run VMware workloads on Azure,,,,,,,,,,,,Microsoft Azure,Compute Services,,,,,,,,,,,,,,,,,,,,,,,,
Bare Metal Compute,,https://www.oracle.com/cloud/bare-metal/,,,,,,,,,,Dedicated bare metal servers,,,,,,,,,,,,Oracle Cloud Infrastructure,Compute Services,,,,,,,,,,,,,,,,,,,,,,,,
Bare Metal Solution,,https://cloud.google.com/bare-metal,,,,,,,,,,Dedicated bare metal servers for specialized workloads,,,,,,,,,,,,Google Cloud Platform,Compute Services,,,,,,,,,,,,,,,,,,,,,,,,
Bastion,,https://azure.microsoft.com/services/azure-bastion/,,,,,,,,,,Secure RDP and SSH access without exposing ports,,,,,,,,,,,,Microsoft Azure,Networking & Content Delivery,,,,,,,,,,,,,,,,,,,,,,,,
BigData Service,,https://www.oracle.com/cloud/bigdata/,,,,,,,,,,Managed big data analytics,,,,,,,,,,,,Oracle Cloud Infrastructure,Analytics Services,,,,,,,,,,,,,,,,,,,,,,,,
BigQuery,,https://cloud.google.com/bigquery,,,,,,,,,,Serverless data warehouse,,,,,,,,,,,,Google Cloud Platform,Analytics Services,,,,,,,,,,,,,,,,,,,,,,,,
BigQuery BI Engine,,https://cloud.google.com/bigquery/docs/bi-engine,,,,,,,,,,In-memory analysis engine for BigQuery,,,,,,,,,,,,Google Cloud Platform,Analytics Services,,,,,,,,,,,,,,,,,,,,,,,,
BigQuery Data Transfer Service,,https://cloud.google.com/bigquery-transfer,,,,,,,,,,Automate data transfer to BigQuery,,,,,,,,,,,,Google Cloud Platform,Analytics Services,,,,,,,,,,,,,,,,,,,,,,,,
BigQuery GIS,,https://cloud.google.com/bigquery/docs/gis-intro,,,,,,,,,,Geospatial analysis in BigQuery,,,,,,,,,,,,Google Cloud Platform,Analytics Services,,,,,,,,,,,,,,,,,,,,,,,,
BigQuery ML,,https://cloud.google.com/bigquery/docs/bqml-introduction,,,,,,,,,,Create ML models with SQL,,,,,,,,,,,,Google Cloud Platform,Analytics Services,,,,,,,,,,,,,,,,,,,,,,,,
Block Storage,,https://www.oracle.com/cloud/storage/block-storage/,,,,,,,,,,High-performance block storage,,,,,,,,,,,,Oracle Cloud Infrastructure,Storage Services,,,,,,,,,,,,,,,,,,,,,,,,
Block Storage,,https://www.ibm.com/cloud/block-storage,,,,,,,,,,Persistent block storage volumes,,,,,,,,,,,,IBM Cloud,Storage Services,,,,,,,,,,,,,,,,,,,,,,,,
Bot Service,,https://azure.microsoft.com/services/bot-services/,,,,,,,,,,Build and deploy intelligent bots,,,,,,,,,,,,Microsoft Azure,AI/ML Services,,,,,,,,,,,,,,,,,,,,,,,,
Broadcom Analytics & Reporting,,https://www.broadcom.com/products/analytics,,,,,,,,,,Business intelligence and analytics tools,,,,,,,,,,,,Broadcom,Data & Analytics,,,,,,,,,,,,,,,,,,,,,,,,
Broadcom API Gateway,,https://www.broadcom.com/products/middleware/api-gateway,,,,,,,,,,Enterprise API management and gateway,,,,,,,,,,,,Broadcom,Integration & Middleware,,,,,,,,,,,,,,,,,,,,,,,,
Broadcom Application Dependency Mapping,,https://www.broadcom.com/products/application-dependency-mapping,,,,,,,,,,Application architecture and dependency visualization,,,,,,,,,,,,Broadcom,Application Development,,,,,,,,,,,,,,,,,,,,,,,,
Broadcom CICS,,https://www.broadcom.com/products/mainframe/cics,,,,,,,,,,Customer Information Control System for transaction processing,,,,,,,,,,,,Broadcom,Integration & Middleware,,,,,,,,,,,,,,,,,,,,,,,,
Broadcom Encryption & Key Management,,https://www.broadcom.com/products/cybersecurity/encryption,,,,,,,,,,Data encryption and cryptographic key management,,,,,,,,,,,,Broadcom,Security & Compliance,,,,,,,,,,,,,,,,,,,,,,,,
Broadcom Enterprise Service Bus,,https://www.broadcom.com/products/middleware/esb,,,,,,,,,,Message-oriented middleware platform,,,,,,,,,,,,Broadcom,Integration & Middleware,,,,,,,,,,,,,,,,,,,,,,,,
Broadcom Gen,,https://www.broadcom.com/products/mainframe/gen,,,,,,,,,,Generational database and DASD management,,,,,,,,,,,,Broadcom,Data & Analytics,,,,,,,,,,,,,,,,,,,,,,,,
Broadcom Identity & Access Management,,https://www.broadcom.com/products/cybersecurity/identity-governance,,,,,,,,,,Enterprise identity and access governance,,,,,,,,,,,,Broadcom,Security & Compliance,,,,,,,,,,,,,,,,,,,,,,,,
Broadcom IDMS,,https://www.broadcom.com/products/mainframe/idms,,,,,,,,,,Integrated database management system,,,,,,,,,,,,Broadcom,Data & Analytics,,,,,,,,,,,,,,,,,,,,,,,,
Broadcom Mainframe Data Solutions,,https://www.broadcom.com/products/mainframe/data,,,,,,,,,,Data management for mainframe environments,,,,,,,,,,,,Broadcom,Data & Analytics,,,,,,,,,,,,,,,,,,,,,,,,
Broadcom Mainframe Software Development Kit,,https://www.broadcom.com/products/mainframe/development,,,,,,,,,,SDK for mainframe application development,,,,,,,,,,,,Broadcom,Application Development,,,,,,,,,,,,,,,,,,,,,,,,
Broadcom Mainframe Solutions,,https://www.broadcom.com/products/mainframe,,,,,,,,,,Enterprise solutions for mainframe systems,,,,,,,,,,,,Broadcom,Broadcom Applications,,,,,,,,,,,,,,,,,,,,,,,,
Broadcom Marketplace,,https://www.broadcom.com/marketplace,,,,,,,,,,Third-party software and solutions for Broadcom products,,,,,,,,,,,,Broadcom,Broadcom Applications,,,,,,,,,,,,,,,,,,,,,,,,
Broadcom Secure Web Gateway,,https://www.broadcom.com/products/cybersecurity/secure-web-gateway,,,,,,,,,,Cloud-based web security and data loss prevention,,,,,,,,,,,,Broadcom,Security & Compliance,,,,,,,,,,,,,,,,,,,,,,,,
Broadcom Service Management,,https://www.broadcom.com/products/it-service-management,,,,,,,,,,IT service management and ITSM solutions,,,,,,,,,,,,Broadcom,Management & Operations,,,,,,,,,,,,,,,,,,,,,,,,
Broadcom Unified Communications,,https://www.broadcom.com/products/communications,,,,,,,,,,Enterprise communication platform,,,,,,,,,,,,Broadcom,Broadcom Applications,,,,,,,,,,,,,,,,,,,,,,,,
Broadcom Vulnerability Management,,https://www.broadcom.com/products/cybersecurity/vulnerability-management,,,,,,,,,,Enterprise vulnerability assessment and management,,,,,,,,,,,,Broadcom,Broadcom Applications,,,,,,,,,,,,,,,,,,,,,,,,
Broadcom Workload Automation,,https://www.broadcom.com/products/automation,,,,,,,,,,Enterprise batch and workload scheduling,,,,,,,,,,,,Broadcom,Management & Operations,,,,,,,,,,,,,,,,,,,,,,,,
Carrier Peering,,https://cloud.google.com/interconnect/docs/how-to/carrier-peering,,,,,,,,,,Exchange traffic with telecom carriers,,,,,,,,,,,,Google Cloud Platform,Networking & Content Delivery,,,,,,,,,,,,,,,,,,,,,,,,
Chronicle,,https://cloud.google.com/chronicle,,,,,,,,,,Cloud-native security analytics platform,,,,,,,,,,,,Google Cloud Platform,GCP Applications,,,,,,,,,,,,,,,,,,,,,,,,
CI/CD Pipelines,,https://aws.amazon.com/codepipeline/,,,,,,,,,,Continuous integration and deployment across clouds,,,,,,,,,,,,Cross-Cloud Services,Integration & DevOps,,,,,,,,,,,,,,,,,,,,,,,,
Cloud Asset Inventory,,https://cloud.google.com/asset-inventory,,,,,,,,,,Discover and manage cloud resources,,,,,,,,,,,,Google Cloud Platform,GCP Applications,,,,,,,,,,,,,,,,,,,,,,,,
Cloud Audit Logs,,https://cloud.google.com/audit-logs,,,,,,,,,,Track administrative and data access logs,,,,,,,,,,,,Google Cloud Platform,GCP Applications,,,,,,,,,,,,,,,,,,,,,,,,
Cloud Bigtable,,https://cloud.google.com/bigtable,,,,,,,,,,High-performance NoSQL database,,,,,,,,,,,,Google Cloud Platform,Database Services,,,,,,,,,,,,,,,,,,,,,,,,
Cloud CDN,,https://cloud.google.com/cdn,,,,,,,,,,Content delivery network,,,,,,,,,,,,Google Cloud Platform,Networking & Content Delivery,,,,,,,,,,,,,,,,,,,,,,,,
Cloud Composer,,https://cloud.google.com/composer,,,,,,,,,,Fully managed workflow orchestration service,,,,,,,,,,,,Google Cloud Platform,Analytics Services,,,,,,,,,,,,,,,,,,,,,,,,
Cloud Composer,,https://cloud.google.com/composer,,,,,,,,,,Fully managed workflow orchestration,,,,,,,,,,,,Google Cloud Platform,Data Integration & Migration,,,,,,,,,,,,,,,,,,,,,,,,
Cloud Data Fusion,,https://cloud.google.com/data-fusion,,,,,,,,,,"Fully managed, serverless data integration",,,,,,,,,,,,Google Cloud Platform,Analytics Services,,,,,,,,,,,,,,,,,,,,,,,,
Cloud Data Fusion,,https://cloud.google.com/data-fusion,,,,,,,,,,Fully managed data integration,,,,,,,,,,,,Google Cloud Platform,Data Integration & Migration,,,,,,,,,,,,,,,,,,,,,,,,
Cloud Data Transfer,,https://cloud.google.com/data-transfer,,,,,,,,,,Transfer data to Google Cloud,,,,,,,,,,,,Google Cloud Platform,Data Integration & Migration,,,,,,,,,,,,,,,,,,,,,,,,
Cloud DNS,,https://cloud.google.com/dns,,,,,,,,,,Scalable DNS service,,,,,,,,,,,,Google Cloud Platform,Networking & Content Delivery,,,,,,,,,,,,,,,,,,,,,,,,
Cloud Domains,,https://cloud.google.com/domains,,,,,,,,,,Register and manage domains,,,,,,,,,,,,Google Cloud Platform,Networking & Content Delivery,,,,,,,,,,,,,,,,,,,,,,,,
Cloud Edge Network,,https://cloud.google.com/edge-network,,,,,,,,,,Low-latency edge computing network,,,,,,,,,,,,Google Cloud Platform,Networking & Content Delivery,,,,,,,,,,,,,,,,,,,,,,,,
Cloud Filestore,,https://cloud.google.com/filestore,,,,,,,,,,Managed NFS file storage,,,,,,,,,,,,Google Cloud Platform,Storage Services,,,,,,,,,,,,,,,,,,,,,,,,
Cloud Firestore,,https://cloud.google.com/firestore,,,,,,,,,,Serverless NoSQL document database,,,,,,,,,,,,Google Cloud Platform,Database Services,,,,,,,,,,,,,,,,,,,,,,,,
Cloud Functions,,https://cloud.google.com/functions,,,,,,,,,,Serverless functions service,,,,,,,,,,,,Google Cloud Platform,Compute Services,,,,,,,,,,,,,,,,,,,,,,,,
Cloud IDS,,https://cloud.google.com/intrusion-detection-system,,,,,,,,,,Network threat detection,,,,,,,,,,,,Google Cloud Platform,Networking & Content Delivery,,,,,,,,,,,,,,,,,,,,,,,,
Cloud IoT,,https://cloud.google.com/iot,,,,,,,,,,Managed IoT platform for device connectivity,,,,,,,,,,,,Google Cloud Platform,GCP Applications,,,,,,,,,,,,,,,,,,,,,,,,
Cloud Key Management Service,,https://cloud.google.com/kms,,,,,,,,,,Manage encryption keys,,,,,,,,,,,,Google Cloud Platform,GCP Applications,,,,,,,,,,,,,,,,,,,,,,,,
Cloud Load Balancing,,https://cloud.google.com/load-balancing,,,,,,,,,,Load balancer for global traffic distribution,,,,,,,,,,,,Google Cloud Platform,Networking & Content Delivery,,,,,,,,,,,,,,,,,,,,,,,,
Cloud Memorystore,,https://cloud.google.com/memorystore,,,,,,,,,,Managed Redis and Memcached,,,,,,,,,,,,Google Cloud Platform,Database Services,,,,,,,,,,,,,,,,,,,,,,,,
Cloud NAT,,https://cloud.google.com/nat,,,,,,,,,,Managed network translation,,,,,,,,,,,,Google Cloud Platform,Networking & Content Delivery,,,,,,,,,,,,,,,,,,,,,,,,
Cloud Router,,https://cloud.google.com/router,,,,,,,,,,Dynamic routing service,,,,,,,,,,,,Google Cloud Platform,Networking & Content Delivery,,,,,,,,,,,,,,,,,,,,,,,,
Cloud Run,,https://cloud.google.com/run,,,,,,,,,,Fully managed container platform,,,,,,,,,,,,Google Cloud Platform,Compute Services,,,,,,,,,,,,,,,,,,,,,,,,
Cloud Spanner,,https://cloud.google.com/spanner,,,,,,,,,,Horizontally scalable relational database,,,,,,,,,,,,Google Cloud Platform,Database Services,,,,,,,,,,,,,,,,,,,,,,,,
Cloud SQL,,https://cloud.google.com/sql,,,https://www.crunchbase.com/organization/google-cloud,,,graduated,,,,Fully managed relational database,,,,,,,,,,,,Google Cloud Platform,Database Services,,,,,,,,,,,,,,,,,,,,,,,,
Cloud SQL Insights,,https://cloud.google.com/sql/docs/postgres/insights-overview,,,,,,,,,,Database diagnostics and performance insights,,,,,,,,,,,,Google Cloud Platform,Database Services,,,,,,,,,,,,,,,,,,,,,,,,
Cloud Storage,,https://cloud.google.com/storage,,,https://www.crunchbase.com/organization/google-cloud,,,graduated,,,,Unified object storage service,,,,,,,,,,,,Google Cloud Platform,Storage Services,,,,,,,,,,,,,,,,,,,,,,,,
Cloud TPU,,https://cloud.google.com/tpu,,,,,,,,,,Tensor Processing Units for ML,,,,,,,,,,,,Google Cloud Platform,AI/ML Services,,,,,,,,,,,,,,,,,,,,,,,,
Cloud Translation,,https://cloud.google.com/translate,,,,,,,,,,Neural machine translation,,,,,,,,,,,,Google Cloud Platform,AI/ML Services,,,,,,,,,,,,,,,,,,,,,,,,
Cloud Video Intelligence API,,https://cloud.google.com/video-intelligence,,,,,,,,,,Extract insights from videos,,,,,,,,,,,,Google Cloud Platform,AI/ML Services,,,,,,,,,,,,,,,,,,,,,,,,
Cloud Vision,,https://cloud.google.com/vision,,,,,,,,,,Analyze images and extract text,,,,,,,,,,,,Google Cloud Platform,AI/ML Services,,,,,,,,,,,,,,,,,,,,,,,,
Cloud VPN,,https://cloud.google.com/vpn,,,,,,,,,,VPN connections to Google Cloud,,,,,,,,,,,,Google Cloud Platform,Networking & Content Delivery,,,,,,,,,,,,,,,,,,,,,,,,
Cognitive Services,,https://azure.microsoft.com/services/cognitive-services/,,,,,,,,,,"APIs for vision, speech, language, and decision",,,,,,,,,,,,Microsoft Azure,AI/ML Services,,,,,,,,,,,,,,,,,,,,,,,,
Compliance & Auditing,,https://aws.amazon.com/cloudtrail/,,,,,,,,,,"Governance, compliance monitoring, and audit trails",,,,,,,,,,,,Cross-Cloud Services,Multi-Cloud Security,,,,,,,,,,,,,,,,,,,,,,,,
Compute Instances,,https://www.oracle.com/cloud/compute/,,,,,,,,,,Scalable compute instances with flexible sizing,,,,,,,,,,,,Oracle Cloud Infrastructure,Compute Services,,,,,,,,,,,,,,,,,,,,,,,,
Computer Vision,,https://azure.microsoft.com/services/cognitive-services/computer-vision/,,,,,,,,,,Analyze images and videos,,,,,,,,,,,,Microsoft Azure,AI/ML Services,,,,,,,,,,,,,,,,,,,,,,,,
Connected Sheets,,https://cloud.google.com/bigquery/docs/connected-sheets,,,,,,,,,,Work with BigQuery data in Google Sheets,,,,,,,,,,,,Google Cloud Platform,Analytics Services,,,,,,,,,,,,,,,,,,,,,,,,
Contact Center AI,,https://cloud.google.com/solutions/contact-center,,,,,,,,,,AI solutions for contact centers,,,,,,,,,,,,Google Cloud Platform,AI/ML Services,,,,,,,,,,,,,,,,,,,,,,,,
Container Engine for Kubernetes,,https://www.oracle.com/cloud/kubernetes/,,,,,,,,,,Managed Kubernetes service on OCI,,,,,,,,,,,,Oracle Cloud Infrastructure,Compute Services,,,,,,,,,,,,,,,,,,,,,,,,
Content Delivery Network,,https://azure.microsoft.com/services/cdn/,,,,,,,,,,Global content delivery and acceleration,,,,,,,,,,,,Microsoft Azure,Networking & Content Delivery,,,,,,,,,,,,,,,,,,,,,,,,
Content Delivery Network,,https://www.oracle.com/cloud/cdn/,,,,,,,,,,Global content delivery service,,,,,,,,,,,,Oracle Cloud Infrastructure,Networking & Content Delivery,,,,,,,,,,,,,,,,,,,,,,,,
Content Moderator,,https://azure.microsoft.com/services/cognitive-services/content-moderator/,,,,,,,,,,"Content moderation for images, text, and videos",,,,,,,,,,,,Microsoft Azure,AI/ML Services,,,,,,,,,,,,,,,,,,,,,,,,
Cosmos DB,,https://azure.microsoft.com/services/cosmos-db/,,,,,,,,,,Globally distributed NoSQL database,,,,,,,,,,,,Microsoft Azure,Database Services,,,,,,,,,,,,,,,,,,,,,,,,
Data Catalog,,https://cloud.google.com/data-catalog,,,,,,,,,,Unified data discovery and governance,,,,,,,,,,,,Google Cloud Platform,Analytics Services,,,,,,,,,,,,,,,,,,,,,,,,
Data Factory,,https://azure.microsoft.com/services/data-factory/,,,,,,,,,,Hybrid data integration service,,,,,,,,,,,,Microsoft Azure,Analytics Services,,,,,,,,,,,,,,,,,,,,,,,,
Data Factory,,https://azure.microsoft.com/services/data-factory/,,,,,,,,,,Hybrid data integration service,,,,,,,,,,,,Microsoft Azure,Data Integration & Migration,,,,,,,,,,,,,,,,,,,,,,,,
Data Integration,,https://www.oracle.com/cloud/data-integration/,,,,,,,,,,Cloud data integration service,,,,,,,,,,,,Oracle Cloud Infrastructure,Analytics Services,,,,,,,,,,,,,,,,,,,,,,,,
Data Integration,,https://www.ibm.com/cloud/data-integration,,,,,,,,,,Data integration and ETL service,,,,,,,,,,,,IBM Cloud,Data Integration & Migration,,,,,,,,,,,,,,,,,,,,,,,,
Data Lake Analytics,,https://azure.microsoft.com/services/data-lake-analytics/,,,,,,,,,,On-demand analytics job service,,,,,,,,,,,,Microsoft Azure,Analytics Services,,,,,,,,,,,,,,,,,,,,,,,,
Data Lake Storage,,https://azure.microsoft.com/services/storage/data-lake-storage/,,,,,,,,,,Scalable secure data lake for analytics,,,,,,,,,,,,Microsoft Azure,Storage Services,,,,,,,,,,,,,,,,,,,,,,,,
Data Science Service,,https://www.oracle.com/cloud/data-science/,,,,,,,,,,Managed machine learning platform,,,,,,,,,,,,Oracle Cloud Infrastructure,AI/ML Services,,,,,,,,,,,,,,,,,,,,,,,,
Data Share,,https://azure.microsoft.com/services/data-share/,,,,,,,,,,Simple and safe data sharing service,,,,,,,,,,,,Microsoft Azure,Analytics Services,,,,,,,,,,,,,,,,,,,,,,,,
Data Share,,https://azure.microsoft.com/services/data-share/,,,,,,,,,,Simple and safe data sharing service,,,,,,,,,,,,Microsoft Azure,Data Integration & Migration,,,,,,,,,,,,,,,,,,,,,,,,
Data Transfer Service,,https://www.oracle.com/cloud/data-transfer/,,,,,,,,,,Large-scale data transfer,,,,,,,,,,,,Oracle Cloud Infrastructure,Data Integration & Migration,,,,,,,,,,,,,,,,,,,,,,,,
Data Warehousing,,https://aws.amazon.com/redshift/,,,,,,,,,,Large-scale data analytics across providers,,,,,,,,,,,,Cross-Cloud Services,Multi-Cloud Analytics,,,,,,,,,,,,,,,,,,,,,,,,
Database as a Service,,https://www.oracle.com/cloud/database/,,,,,,,,,,Managed relational database,,,,,,,,,,,,Oracle Cloud Infrastructure,Database Services,,,,,,,,,,,,,,,,,,,,,,,,
Database for MariaDB,,https://azure.microsoft.com/services/mariadb/,,,,,,,,,,Managed MariaDB relational database,,,,,,,,,,,,Microsoft Azure,Database Services,,,,,,,,,,,,,,,,,,,,,,,,
Database for MySQL,,https://azure.microsoft.com/services/mysql/,,,,,,,,,,Managed MySQL relational database,,,,,,,,,,,,Microsoft Azure,Database Services,,,,,,,,,,,,,,,,,,,,,,,,
Database for PostgreSQL,,https://azure.microsoft.com/services/postgresql/,,,,,,,,,,Managed PostgreSQL relational database,,,,,,,,,,,,Microsoft Azure,Database Services,,,,,,,,,,,,,,,,,,,,,,,,
Database Migration Service,,https://azure.microsoft.com/services/database-migration/,,,,,,,,,,Migrate databases to Azure with minimal downtime,,,,,,,,,,,,Microsoft Azure,Database Services,,,,,,,,,,,,,,,,,,,,,,,,
Database Migration Service,,https://cloud.google.com/database-migration,,,,,,,,,,Migrate databases to Cloud SQL,,,,,,,,,,,,Google Cloud Platform,Database Services,,,,,,,,,,,,,,,,,,,,,,,,
Database Migration Service,,https://cloud.google.com/database-migration,,,,,,,,,,Migrate databases to Cloud SQL,,,,,,,,,,,,Google Cloud Platform,Data Integration & Migration,,,,,,,,,,,,,,,,,,,,,,,,
Database Migration Service,,https://www.oracle.com/cloud/database-migration/,,,,,,,,,,Migrate databases to OCI,,,,,,,,,,,,Oracle Cloud Infrastructure,Data Integration & Migration,,,,,,,,,,,,,,,,,,,,,,,,
Databases for MongoDB,,https://www.ibm.com/cloud/databases-for-mongodb,,,,,,,,,,Managed MongoDB database,,,,,,,,,,,,IBM Cloud,Database Services,,,,,,,,,,,,,,,,,,,,,,,,
Databases for MySQL,,https://www.ibm.com/cloud/databases-for-mysql,,,,,,,,,,Managed MySQL database,,,,,,,,,,,,IBM Cloud,Database Services,,,,,,,,,,,,,,,,,,,,,,,,
Databases for PostgreSQL,,https://www.ibm.com/cloud/databases-for-postgresql,,,,,,,,,,Managed PostgreSQL database,,,,,,,,,,,,IBM Cloud,Database Services,,,,,,,,,,,,,,,,,,,,,,,,
Databricks,,https://azure.microsoft.com/services/databricks/,,,,,,,,,,Apache Spark-based analytics platform,,,,,,,,,,,,Microsoft Azure,Analytics Services,,,,,,,,,,,,,,,,,,,,,,,,
Dataflow,,https://cloud.google.com/dataflow,,,,,,,,,,Unified stream and batch data processing,,,,,,,,,,,,Google Cloud Platform,Analytics Services,,,,,,,,,,,,,,,,,,,,,,,,
Dataflow,,https://cloud.google.com/dataflow,,,,,,,,,,Unified stream and batch data processing,,,,,,,,,,,,Google Cloud Platform,Data Integration & Migration,,,,,,,,,,,,,,,,,,,,,,,,
Dataprep by Trifacta,,https://cloud.google.com/dataprep,,,,,,,,,,Intelligent data preparation service,,,,,,,,,,,,Google Cloud Platform,Analytics Services,,,,,,,,,,,,,,,,,,,,,,,,
Dataproc,,https://cloud.google.com/dataproc,,,,,,,,,,Managed Spark and Hadoop service,,,,,,,,,,,,Google Cloud Platform,Analytics Services,,,,,,,,,,,,,,,,,,,,,,,,
Datastream,,https://cloud.google.com/datastream,,,,,,,,,,Real-time data change capture and replication,,,,,,,,,,,,Google Cloud Platform,Analytics Services,,,,,,,,,,,,,,,,,,,,,,,,
Datastream,,https://cloud.google.com/datastream,,,,,,,,,,Real-time data change capture,,,,,,,,,,,,Google Cloud Platform,Data Integration & Migration,,,,,,,,,,,,,,,,,,,,,,,,
Db2 Warehouse,,https://www.ibm.com/cloud/db2-warehouse,,,,,,,,,,Cloud data warehouse,,,,,,,,,,,,IBM Cloud,Analytics Services,,,,,,,,,,,,,,,,,,,,,,,,
DDoS Protection,,https://azure.microsoft.com/services/ddos-protection/,,,,,,,,,,DDoS attack protection service,,,,,,,,,,,,Microsoft Azure,Networking & Content Delivery,,,,,,,,,,,,,,,,,,,,,,,,
Dedicated Hosts,,https://azure.microsoft.com/services/virtual-machines/dedicated-host/,,,,,,,,,,Dedicated physical servers for VMs,,,,,,,,,,,,Microsoft Azure,Compute Services,,,,,,,,,,,,,,,,,,,,,,,,
Dedicated Interconnect,,https://cloud.google.com/interconnect/docs/dedicated-interconnect,,,,,,,,,,Dedicated network connection to Google Cloud,,,,,,,,,,,,Google Cloud Platform,Networking & Content Delivery,,,,,,,,,,,,,,,,,,,,,,,,
Deep Learning Containers,,https://cloud.google.com/deep-learning-containers,,,,,,,,,,Pre-built Docker containers for deep learning,,,,,,,,,,,,Google Cloud Platform,AI/ML Services,,,,,,,,,,,,,,,,,,,,,,,,
Deep Learning VM Images,,https://cloud.google.com/deep-learning-vm,,,,,,,,,,Pre-configured VMs for deep learning,,,,,,,,,,,,Google Cloud Platform,AI/ML Services,,,,,,,,,,,,,,,,,,,,,,,,
Dialogflow,,https://cloud.google.com/dialogflow,,,,,,,,,,Conversational AI platform,,,,,,,,,,,,Google Cloud Platform,AI/ML Services,,,,,,,,,,,,,,,,,,,,,,,,
Direct Peering,,https://cloud.google.com/interconnect/docs/direct-peering,,,,,,,,,,Direct network connection to Google,,,,,,,,,,,,Google Cloud Platform,Networking & Content Delivery,,,,,,,,,,,,,,,,,,,,,,,,
Disk Storage,,https://azure.microsoft.com/services/managed-disks/,,,,,,,,,,Block-level storage volumes for Azure VMs,,,,,,,,,,,,Microsoft Azure,Storage Services,,,,,,,,,,,,,,,,,,,,,,,,
Distributed Cloud Edge,,https://cloud.google.com/distributed-cloud/edge,,,,,,,,,,Deploy Google Cloud services at the edge,,,,,,,,,,,,Google Cloud Platform,Networking & Content Delivery,,,,,,,,,,,,,,,,,,,,,,,,
DNS & CDN,,https://aws.amazon.com/route53/,,,,,,,,,,Global DNS and content delivery capabilities,,,,,,,,,,,,Cross-Cloud Services,Multi-Cloud Networking,,,,,,,,,,,,,,,,,,,,,,,,
Document AI,,https://cloud.google.com/document-ai,,,,,,,,,,Extract and classify document data,,,,,,,,,,,,Google Cloud Platform,AI/ML Services,,,,,,,,,,,,,,,,,,,,,,,,
Document Understanding,,https://www.oracle.com/cloud/document-understanding/,,,,,,,,,,AI-powered document processing,,,,,,,,,,,,Oracle Cloud Infrastructure,AI/ML Services,,,,,,,,,,,,,,,,,,,,,,,,
Dynamics 365,,https://dynamics.microsoft.com/,,,,,,,,,,Enterprise resource planning and CRM applications,,,,,,,,,,,,Microsoft Azure,Azure Applications,,,,,,,,,,,,,,,,,,,,,,,,
Edge Computing,,https://azure.microsoft.com/services/edge-zones/,,,,,,,,,,Ultra-low latency computing at network edge,,,,,,,,,,,,Cross-Cloud Services,Satellite & Edge Computing,,,,,,,,,,,,,,,,,,,,,,,,
Elastic Beanstalk,,https://aws.amazon.com/elasticbeanstalk/,,,,,,,,,,Easy to deploy and scale web applications and services,,,,,,,,,,,,AWS,Compute Services,,,,,,,,,,,,,,,,,,,,,,,,
Elastic Load Balancing,,https://aws.amazon.com/elasticloadbalancing/,,,,,,,,,,Distribute incoming traffic across multiple targets,,,,,,,,,,,,AWS,Networking & Content Delivery,,,,,,,,,,,,,,,,,,,,,,,,
Encryption & Key Management,,https://aws.amazon.com/kms/,,,,,,,,,,Data protection and cryptographic key management,,,,,,,,,,,,Cross-Cloud Services,Multi-Cloud Security,,,,,,,,,,,,,,,,,,,,,,,,
Event Hubs,,https://azure.microsoft.com/services/event-hubs/,,,,,,,,,,Big data streaming platform,,,,,,,,,,,,Microsoft Azure,Data Integration & Migration,,,,,,,,,,,,,,,,,,,,,,,,
ExpressRoute,,https://azure.microsoft.com/services/expressroute/,,,,,,,,,,Dedicated network connection to Azure,,,,,,,,,,,,Microsoft Azure,Networking & Content Delivery,,,,,,,,,,,,,,,,,,,,,,,,
FastConnect,,https://www.oracle.com/cloud/networking/fastconnect/,,,,,,,,,,Dedicated network connection,,,,,,,,,,,,Oracle Cloud Infrastructure,Networking & Content Delivery,,,,,,,,,,,,,,,,,,,,,,,,
File Share,,https://azure.microsoft.com/services/storage/files/,,,,,,,,,,Fully managed file shares accessible via SMB protocol,,,,,,,,,,,,Microsoft Azure,Storage Services,,,,,,,,,,,,,,,,,,,,,,,,
File Storage,,https://www.oracle.com/cloud/storage/file-storage/,,,,,,,,,,Network file storage service,,,,,,,,,,,,Oracle Cloud Infrastructure,Storage Services,,,,,,,,,,,,,,,,,,,,,,,,
Firewall,,https://azure.microsoft.com/services/azure-firewall/,,,,,,,,,,Cloud-native network security service,,,,,,,,,,,,Microsoft Azure,Networking & Content Delivery,,,,,,,,,,,,,,,,,,,,,,,,
Form Recognizer,,https://azure.microsoft.com/services/applied-ai-services/form-recognizer/,,,,,,,,,,Extract text and data from documents,,,,,,,,,,,,Microsoft Azure,AI/ML Services,,,,,,,,,,,,,,,,,,,,,,,,
Front Door,,https://azure.microsoft.com/services/frontdoor/,,,,,,,,,,Global load balancer and DDoS protection,,,,,,,,,,,,Microsoft Azure,Networking & Content Delivery,,,,,,,,,,,,,,,,,,,,,,,,
Functions,,https://www.oracle.com/cloud/functions/,,,,,,,,,,Serverless compute service,,,,,,,,,,,,Oracle Cloud Infrastructure,Compute Services,,,,,,,,,,,,,,,,,,,,,,,,
Functions,,https://www.ibm.com/cloud/functions,,,,,,,,,,Serverless computing service,,,,,,,,,,,,IBM Cloud,Compute Services,,,,,,,,,,,,,,,,,,,,,,,,
GoldenGate,,https://www.oracle.com/middleware/goldengate/,,,,,,,,,,Real-time data replication,,,,,,,,,,,,Oracle Cloud Infrastructure,Data Integration & Migration,,,,,,,,,,,,,,,,,,,,,,,,
Google Cloud Armor,,https://cloud.google.com/armor,,,,,,,,,,DDoS protection and WAF,,,,,,,,,,,,Google Cloud Platform,Networking & Content Delivery,,,,,,,,,,,,,,,,,,,,,,,,
Google Cloud Marketplace,,https://cloud.google.com/marketplace,,,,,,,,,,Third-party software and applications for Google Cloud,,,,,,,,,,,,Google Cloud Platform,GCP Applications,,,,,,,,,,,,,,,,,,,,,,,,
Google Cloud Security Command Center,,https://cloud.google.com/security-command-center,,,,,,,,,,Centralized security and compliance management,,,,,,,,,,,,Google Cloud Platform,GCP Applications,,,,,,,,,,,,,,,,,,,,,,,,
Google Compute Engine,,https://cloud.google.com/compute,,,https://www.crunchbase.com/organization/google-cloud,,,graduated,,,,Customizable compute capacity with global footprint,,,,,,,,,,,,Google Cloud Platform,Compute Services,,,,,,,,,,,,,,,,,,,,,,,,
Google Data Studio,,https://datastudio.google.com/,,,,,,,,,,Free data visualization and reporting,,,,,,,,,,,,Google Cloud Platform,Analytics Services,,,,,,,,,,,,,,,,,,,,,,,,
Google Earth Engine,,https://earthengine.google.com/,,,,,,,,,,Geospatial analysis platform for large-scale data,,,,,,,,,,,,Google Cloud Platform,Analytics Services,,,,,,,,,,,,,,,,,,,,,,,,
Google Kubernetes Engine (GKE),,https://cloud.google.com/kubernetes-engine,,,,,,,,,,Fully managed Kubernetes service,,,,,,,,,,,,Google Cloud Platform,Compute Services,,,,,,,,,,,,,,,,,,,,,,,,
Google Workspace,,https://workspace.google.com/,,,,,,,,,,"Productivity suite with Gmail, Drive, and Docs",,,,,,,,,,,,Google Cloud Platform,GCP Applications,,,,,,,,,,,,,,,,,,,,,,,,
Ground Stations,,https://aws.amazon.com/ground-station/,,,,,,,,,,Managed ground station services for satellite operations,,,,,,,,,,,,Cross-Cloud Services,Satellite & Edge Computing,,,,,,,,,,,,,,,,,,,,,,,,
HDInsight,,https://azure.microsoft.com/services/hdinsight/,,,,,,,,,,"Managed Hadoop, Spark, and Hive clusters",,,,,,,,,,,,Microsoft Azure,Analytics Services,,,,,,,,,,,,,,,,,,,,,,,,
HorizonDB,,https://azure.microsoft.com/services/data-explorer/,,,,,,,,,,Time series database for analytics,,,,,,,,,,,,Microsoft Azure,Database Services,,,,,,,,,,,,,,,,,,,,,,,,
IBM Cloud Pak for Automation,,https://www.ibm.com/cloud/paks/automation,,,,,,,,,,Intelligent automation platform,,,,,,,,,,,,IBM Cloud,IBM Applications,,,,,,,,,,,,,,,,,,,,,,,,
IBM Cloud Pak for Business Automation,,https://www.ibm.com/cloud/paks/business-automation,,,,,,,,,,Workflow and case management,,,,,,,,,,,,IBM Cloud,IBM Applications,,,,,,,,,,,,,,,,,,,,,,,,
IBM Cloud Pak for Data,,https://www.ibm.com/cloud/cloud-pak-for-data,,,,,,,,,,Unified data and AI platform,,,,,,,,,,,,IBM Cloud,IBM Applications,,,,,,,,,,,,,,,,,,,,,,,,
IBM Cloud Pak for Integration,,https://www.ibm.com/cloud/paks/integration,,,,,,,,,,Enterprise integration platform,,,,,,,,,,,,IBM Cloud,IBM Applications,,,,,,,,,,,,,,,,,,,,,,,,
IBM Cloud Pak for Security,,https://www.ibm.com/products/ibm-cloud-pak-for-security,,,,,,,,,,Integrated security platform and applications,,,,,,,,,,,,IBM Cloud,IBM Applications,,,,,,,,,,,,,,,,,,,,,,,,
IBM Control Tower,,https://www.ibm.com/cloud/governance,,,,,,,,,,Cloud governance and compliance management,,,,,,,,,,,,IBM Cloud,IBM Applications,,,,,,,,,,,,,,,,,,,,,,,,
IBM Maximo,,https://www.ibm.com/maximo/,,,,,,,,,,Asset management and maintenance optimization,,,,,,,,,,,,IBM Cloud,IBM Applications,,,,,,,,,,,,,,,,,,,,,,,,
IBM MobileFirst,,https://www.ibm.com/mobilefirst/,,,,,,,,,,Mobile app development and management platform,,,,,,,,,,,,IBM Cloud,IBM Applications,,,,,,,,,,,,,,,,,,,,,,,,
IBM SPSS Statistics,,https://www.ibm.com/products/spss-statistics,,,,,,,,,,Statistical analysis and predictive analytics,,,,,,,,,,,,IBM Cloud,IBM Applications,,,,,,,,,,,,,,,,,,,,,,,,
Identity & Access Management,,https://aws.amazon.com/iam/,,,,,,,,,,Fine-grained access control across platforms,,,,,,,,,,,,Cross-Cloud Services,Multi-Cloud Security,,,,,,,,,,,,,,,,,,,,,,,,
Infrastructure as Code,,https://www.terraform.io/,,,,,,,,,,IaC tools for multi-cloud deployments,,,,,,,,,,,,Cross-Cloud Services,Integration & DevOps,,,,,,,,,,,,,,,,,,,,,,,,
IoT Connectivity,,https://www.ibm.com/cloud/satellite,,,,,,,,,,Connect remote devices via satellite and edge networks,,,,,,,,,,,,Cross-Cloud Services,Satellite & Edge Computing,,,,,,,,,,,,,,,,,,,,,,,,
Kubernetes Service,,https://www.ibm.com/cloud/kubernetes-service,,,,,,,,,,Managed Kubernetes cluster service,,,,,,,,,,,,IBM Cloud,Compute Services,,,,,,,,,,,,,,,,,,,,,,,,
Language Understanding,,https://azure.microsoft.com/services/cognitive-services/language-understanding/,,,,,,,,,,Natural language understanding service,,,,,,,,,,,,Microsoft Azure,AI/ML Services,,,,,,,,,,,,,,,,,,,,,,,,
Load Balancer,,https://azure.microsoft.com/services/load-balancer/,,,,,,,,,,Layer 4 load balancer for high availability,,,,,,,,,,,,Microsoft Azure,Networking & Content Delivery,,,,,,,,,,,,,,,,,,,,,,,,
Load Balancer,,https://www.oracle.com/cloud/networking/load-balancer/,,,,,,,,,,Network load balancing service,,,,,,,,,,,,Oracle Cloud Infrastructure,Networking & Content Delivery,,,,,,,,,,,,,,,,,,,,,,,,
Load Balancer,,https://www.ibm.com/cloud/load-balancer,,,,,,,,,,Load balancing service,,,,,,,,,,,,IBM Cloud,Networking & Content Delivery,,,,,,,,,,,,,,,,,,,,,,,,
Load Balancing,,https://aws.amazon.com/elasticloadbalancing/,,,,,,,,,,Traffic distribution services across providers,,,,,,,,,,,,Cross-Cloud Services,Multi-Cloud Networking,,,,,,,,,,,,,,,,,,,,,,,,
Local SSD,,https://cloud.google.com/compute/docs/disks/local-ssd,,,,,,,,,,High-speed local storage for compute instances,,,,,,,,,,,,Google Cloud Platform,Storage Services,,,,,,,,,,,,,,,,,,,,,,,,
Looker,,https://cloud.google.com/looker,,,,,,,,,,Enterprise business intelligence platform,,,,,,,,,,,,Google Cloud Platform,Analytics Services,,,,,,,,,,,,,,,,,,,,,,,,
Machine Learning,,https://aws.amazon.com/sagemaker/,,,,,,,,,,ML and AI services across all providers,,,,,,,,,,,,Cross-Cloud Services,Multi-Cloud Analytics,,,,,,,,,,,,,,,,,,,,,,,,
Managed Disks,,https://azure.microsoft.com/services/managed-disks/,,,,,,,,,,Persistent block storage for VMs,,,,,,,,,,,,Microsoft Azure,Storage Services,,,,,,,,,,,,,,,,,,,,,,,,
Microsoft 365,,https://www.microsoft.com/microsoft-365,,,,,,,,,,Cloud productivity suite with Office apps,,,,,,,,,,,,Microsoft Azure,Azure Applications,,,,,,,,,,,,,,,,,,,,,,,,
Microsoft Defender for Cloud,,https://azure.microsoft.com/services/defender-for-cloud/,,,,,,,,,,Cloud security posture management and threat protection,,,,,,,,,,,,Microsoft Azure,Azure Applications,,,,,,,,,,,,,,,,,,,,,,,,
Monitoring & Observability,,https://aws.amazon.com/cloudwatch/,,,,,,,,,,Cross-cloud monitoring and logging,,,,,,,,,,,,Cross-Cloud Services,Integration & DevOps,,,,,,,,,,,,,,,,,,,,,,,,
MySQL Database Service,,https://www.oracle.com/cloud/database/mysql/,,,,,,,,,,Managed MySQL database,,,,,,,,,,,,Oracle Cloud Infrastructure,Database Services,,,,,,,,,,,,,,,,,,,,,,,,
NetApp Files,,https://azure.microsoft.com/services/netapp/,,,,,,,,,,Enterprise-grade file sharing with NetApp,,,,,,,,,,,,Microsoft Azure,Storage Services,,,,,,,,,,,,,,,,,,,,,,,,
Network Connectivity Center,,https://cloud.google.com/network-connectivity,,,,,,,,,,Unified network connectivity,,,,,,,,,,,,Google Cloud Platform,Networking & Content Delivery,,,,,,,,,,,,,,,,,,,,,,,,
Network Intelligence Center,,https://cloud.google.com/network-intelligence,,,,,,,,,,Network monitoring and management,,,,,,,,,,,,Google Cloud Platform,Networking & Content Delivery,,,,,,,,,,,,,,,,,,,,,,,,
Network Load Balancer,,https://aws.amazon.com/elasticloadbalancing/networkloadbalancer/,,,,,,,,,,Ultra-high performance load balancer,,,,,,,,,,,,AWS,Networking & Content Delivery,,,,,,,,,,,,,,,,,,,,,,,,
Network Service Tiers,,https://cloud.google.com/network-tiers,,,,,,,,,,Choose performance and cost tier,,,,,,,,,,,,Google Cloud Platform,Networking & Content Delivery,,,,,,,,,,,,,,,,,,,,,,,,
Network Telemetry,,https://cloud.google.com/vpc/docs/flow-logs,,,,,,,,,,Network monitoring and visibility,,,,,,,,,,,,Google Cloud Platform,Networking & Content Delivery,,,,,,,,,,,,,,,,,,,,,,,,
Network Watcher,,https://azure.microsoft.com/services/network-watcher/,,,,,,,,,,Network monitoring and diagnostics,,,,,,,,,,,,Microsoft Azure,Networking & Content Delivery,,,,,,,,,,,,,,,,,,,,,,,,
NoSQL Database,,https://www.oracle.com/cloud/database/nosql/,,,,,,,,,,Fully managed NoSQL database service,,,,,,,,,,,,Oracle Cloud Infrastructure,Database Services,,,,,,,,,,,,,,,,,,,,,,,,
Object Storage,,https://www.oracle.com/cloud/storage/object-storage/,,,,,,,,,,Scalable object storage service,,,,,,,,,,,,Oracle Cloud Infrastructure,Storage Services,,,,,,,,,,,,,,,,,,,,,,,,
Object Storage,,https://www.ibm.com/cloud/object-storage,,,,,,,,,,Scalable cloud object storage,,,,,,,,,,,,IBM Cloud,Storage Services,,,,,,,,,,,,,,,,,,,,,,,,
Oracle Autonomous Linux,,https://www.oracle.com/linux/autonomous-linux/,,,,,,,,,,Self-managing operating system,,,,,,,,,,,,Oracle Cloud Infrastructure,OCI Applications,,,,,,,,,,,,,,,,,,,,,,,,
Oracle Cloud Applications (Fusion),,https://www.oracle.com/applications/,,,,,,,,,,"Enterprise applications for ERP, HCM and CX",,,,,,,,,,,,Oracle Cloud Infrastructure,OCI Applications,,,,,,,,,,,,,,,,,,,,,,,,
Oracle Cloud Guard,,https://www.oracle.com/cloud/guard/,,,,,,,,,,Threat detection and response,,,,,,,,,,,,Oracle Cloud Infrastructure,OCI Applications,,,,,,,,,,,,,,,,,,,,,,,,
Oracle Cloud Marketplace,,https://cloudmarketplace.oracle.com/,,,,,,,,,,Third-party software and applications for Oracle Cloud,,,,,,,,,,,,Oracle Cloud Infrastructure,OCI Applications,,,,,,,,,,,,,,,,,,,,,,,,
Oracle Configuration and Compliance,,https://www.oracle.com/cloud/compliance/,,,,,,,,,,Track and manage cloud resource compliance,,,,,,,,,,,,Oracle Cloud Infrastructure,OCI Applications,,,,,,,,,,,,,,,,,,,,,,,,
Oracle Integration Cloud,,https://www.oracle.com/integration/,,,,,,,,,,Enterprise integration platform as a service,,,,,,,,,,,,Oracle Cloud Infrastructure,OCI Applications,,,,,,,,,,,,,,,,,,,,,,,,
Oracle IoT,,https://www.oracle.com/cloud/iot/,,,,,,,,,,IoT platform for connected devices,,,,,,,,,,,,Oracle Cloud Infrastructure,OCI Applications,,,,,,,,,,,,,,,,,,,,,,,,
Oracle Key Management,,https://www.oracle.com/cloud/key-management/,,,,,,,,,,Hardware security module for key management,,,,,,,,,,,,Oracle Cloud Infrastructure,OCI Applications,,,,,,,,,,,,,,,,,,,,,,,,
Oracle License Management Services,,https://www.oracle.com/cloud/license-management/,,,,,,,,,,Optimize Oracle license usage in cloud,,,,,,,,,,,,Oracle Cloud Infrastructure,OCI Applications,,,,,,,,,,,,,,,,,,,,,,,,
Oracle Security Cloud,,https://www.oracle.com/security/,,,,,,,,,,Unified security and compliance platform,,,,,,,,,,,,Oracle Cloud Infrastructure,OCI Applications,,,,,,,,,,,,,,,,,,,,,,,,
Packet Mirroring,,https://cloud.google.com/vpc/docs/packet-mirroring,,,,,,,,,,Copy traffic to monitoring tools,,,,,,,,,,,,Google Cloud Platform,Networking & Content Delivery,,,,,,,,,,,,,,,,,,,,,,,,
Partner Interconnect,,https://cloud.google.com/interconnect/docs/partner-interconnect,,,,,,,,,,Network connection through partners,,,,,,,,,,,,Google Cloud Platform,Networking & Content Delivery,,,,,,,,,,,,,,,,,,,,,,,,
Persistent Disk,,https://cloud.google.com/persistent-disk,,,,,,,,,,High-performance block storage,,,,,,,,,,,,Google Cloud Platform,Storage Services,,,,,,,,,,,,,,,,,,,,,,,,
Personalizer,,https://azure.microsoft.com/services/cognitive-services/personalizer/,,,,,,,,,,Real-time personalization service,,,,,,,,,,,,Microsoft Azure,AI/ML Services,,,,,,,,,,,,,,,,,,,,,,,,
Planetary Computer,,https://planetarycomputer.microsoft.com/,,,,,,,,,,Integrated geospatial analysis platform,,,,,,,,,,,,Microsoft Azure,Data Integration & Migration,,,,,,,,,,,,,,,,,,,,,,,,
Power BI,,https://powerbi.microsoft.com/,,,,,,,,,,Business intelligence and analytics,,,,,,,,,,,,Microsoft Azure,Analytics Services,,,,,,,,,,,,,,,,,,,,,,,,
Preemptible VMs,,https://cloud.google.com/compute/docs/instances/preemptible,,,,,,,,,,Short-lived compute instances at reduced cost,,,,,,,,,,,,Google Cloud Platform,Compute Services,,,,,,,,,,,,,,,,,,,,,,,,
Private Link,,https://azure.microsoft.com/services/private-link/,,,,,,,,,,Access Azure services over private network,,,,,,,,,,,,Microsoft Azure,Networking & Content Delivery,,,,,,,,,,,,,,,,,,,,,,,,
Private Service Connect,,https://cloud.google.com/vpc/docs/private-service-connect,,,,,,,,,,Private connectivity to services,,,,,,,,,,,,Google Cloud Platform,Networking & Content Delivery,,,,,,,,,,,,,,,,,,,,,,,,
Pub/Sub,,https://cloud.google.com/pubsub,,,,,,,,,,Real-time messaging service,,,,,,,,,,,,Google Cloud Platform,Analytics Services,,,,,,,,,,,,,,,,,,,,,,,,
Pub/Sub,,https://cloud.google.com/pubsub,,,,,,,,,,Real-time messaging service,,,,,,,,,,,,Google Cloud Platform,Data Integration & Migration,,,,,,,,,,,,,,,,,,,,,,,,
Public Datasets,,https://cloud.google.com/public-datasets,,,,,,,,,,Free public datasets on BigQuery,,,,,,,,,,,,Google Cloud Platform,Analytics Services,,,,,,,,,,,,,,,,,,,,,,,,
Purview,,https://azure.microsoft.com/services/purview/,,,,,,,,,,Unified data governance and cataloging,,,,,,,,,,,,Microsoft Azure,Analytics Services,,,,,,,,,,,,,,,,,,,,,,,,
Purview,,https://azure.microsoft.com/services/purview/,,,,,,,,,,Unified data governance and cataloging,,,,,,,,,,,,Microsoft Azure,Data Integration & Migration,,,,,,,,,,,,,,,,,,,,,,,,
QRadar,,https://www.ibm.com/security/qradar,,,,,,,,,,Security information and event management (SIEM),,,,,,,,,,,,IBM Cloud,IBM Applications,,,,,,,,,,,,,,,,,,,,,,,,
Recommendations AI,,https://cloud.google.com/recommendations,,,,,,,,,,Build personalized recommendation engines,,,,,,,,,,,,Google Cloud Platform,AI/ML Services,,,,,,,,,,,,,,,,,,,,,,,,
Redis Cache,,https://azure.microsoft.com/services/cache/,,,,,,,,,,In-memory data structure store,,,,,,,,,,,,Microsoft Azure,Database Services,,,,,,,,,,,,,,,,,,,,,,,,
SageMaker Data Wrangler,,https://aws.amazon.com/sagemaker/data-wrangler/,,,,,,,,,,Prepare data for machine learning,,,,,,,,,,,,AWS,Analytics Services,,,,,,,,,,,,,,,,,,,,,,,,
SageMaker Debugger,,https://aws.amazon.com/sagemaker/debugger/,,,,,,,,,,Debug and monitor machine learning training,,,,,,,,,,,,AWS,AI/ML Services,,,,,,,,,,,,,,,,,,,,,,,,
SageMaker Feature Store,,https://aws.amazon.com/sagemaker/feature-store/,,,,,,,,,,"Store, discover, and share features for ML",,,,,,,,,,,,AWS,AI/ML Services,,,,,,,,,,,,,,,,,,,,,,,,
SageMaker Model Registry,,https://aws.amazon.com/sagemaker/model-registry/,,,,,,,,,,Catalog and manage machine learning models,,,,,,,,,,,,AWS,AI/ML Services,,,,,,,,,,,,,,,,,,,,,,,,
SageMaker Monitoring,,https://aws.amazon.com/sagemaker/model-monitor/,,,,,,,,,,Monitor machine learning models in production,,,,,,,,,,,,AWS,AI/ML Services,,,,,,,,,,,,,,,,,,,,,,,,
SageMaker Pipelines,,https://aws.amazon.com/sagemaker/pipelines/,,,,,,,,,,CI/CD for machine learning,,,,,,,,,,,,AWS,AI/ML Services,,,,,,,,,,,,,,,,,,,,,,,,
SageMaker Studio,,https://aws.amazon.com/sagemaker/studio/,,,,,,,,,,Integrated development environment for machine learning,,,,,,,,,,,,AWS,AI/ML Services,,,,,,,,,,,,,,,,,,,,,,,,
Satellite Connectivity,,https://aws.amazon.com/leo/,,,,,,,,,,LEO and GEO satellite services across providers,,,,,,,,,,,,Cross-Cloud Services,Satellite & Edge Computing,,,,,,,,,,,,,,,,,,,,,,,,
Service Bus,,https://azure.microsoft.com/services/service-bus/,,,,,,,,,,Managed message broker service,,,,,,,,,,,,Microsoft Azure,Data Integration & Migration,,,,,,,,,,,,,,,,,,,,,,,,
Service Directory,,https://cloud.google.com/service-directory,,,,,,,,,,Managed service discovery,,,,,,,,,,,,Google Cloud Platform,Networking & Content Delivery,,,,,,,,,,,,,,,,,,,,,,,,
Service Fabric,,https://azure.microsoft.com/services/service-fabric/,,,,,,,,,,Distributed systems platform for microservices,,,,,,,,,,,,Microsoft Azure,Compute Services,,,,,,,,,,,,,,,,,,,,,,,,
Shielded VMs,,https://cloud.google.com/compute/shielded-vm,,,,,,,,,,VMs with hardened security controls,,,,,,,,,,,,Google Cloud Platform,Compute Services,,,,,,,,,,,,,,,,,,,,,,,,
Sole-tenant Nodes,,https://cloud.google.com/compute/docs/nodes/sole-tenant-nodes,,,,,,,,,,Dedicated physical servers for your exclusive use,,,,,,,,,,,,Google Cloud Platform,Compute Services,,,,,,,,,,,,,,,,,,,,,,,,
Speech Services,,https://azure.microsoft.com/services/cognitive-services/speech-services/,,,,,,,,,,"Speech-to-text, text-to-speech, and translation",,,,,,,,,,,,Microsoft Azure,AI/ML Services,,,,,,,,,,,,,,,,,,,,,,,,
Speech-to-Text,,https://cloud.google.com/speech-to-text,,,,,,,,,,Convert audio to text,,,,,,,,,,,,Google Cloud Platform,AI/ML Services,,,,,,,,,,,,,,,,,,,,,,,,
SQL Edge,,https://azure.microsoft.com/services/sql-edge/,,,,,,,,,,SQL database engine for edge computing,,,,,,,,,,,,Microsoft Azure,Database Services,,,,,,,,,,,,,,,,,,,,,,,,
SQL Managed Instance,,https://azure.microsoft.com/services/sql-managed-instance/,,,,,,,,,,Managed SQL Server instance with high compatibility,,,,,,,,,,,,Microsoft Azure,Database Services,,,,,,,,,,,,,,,,,,,,,,,,
Stream Analytics,,https://azure.microsoft.com/services/stream-analytics/,,,,,,,,,,Real-time data stream processing,,,,,,,,,,,,Microsoft Azure,Analytics Services,,,,,,,,,,,,,,,,,,,,,,,,
Stream Analytics,,https://azure.microsoft.com/services/stream-analytics/,,,,,,,,,,Real-time data stream processing,,,,,,,,,,,,Microsoft Azure,Data Integration & Migration,,,,,,,,,,,,,,,,,,,,,,,,
Stream Processing,,https://aws.amazon.com/kinesis/,,,,,,,,,,Real-time data processing capabilities,,,,,,,,,,,,Cross-Cloud Services,Multi-Cloud Analytics,,,,,,,,,,,,,,,,,,,,,,,,
Synapse Analytics,,https://azure.microsoft.com/services/synapse-analytics/,,,,,,,,,,Unified analytics platform,,,,,,,,,,,,Microsoft Azure,Analytics Services,,,,,,,,,,,,,,,,,,,,,,,,
Synapse Link,,https://azure.microsoft.com/services/synapse-link/,,,,,,,,,,Real-time analytics on operational data,,,,,,,,,,,,Microsoft Azure,Data Integration & Migration,,,,,,,,,,,,,,,,,,,,,,,,
Table Storage,,https://azure.microsoft.com/services/storage/tables/,,,,,,,,,,NoSQL key-value store for structured data,,,,,,,,,,,,Microsoft Azure,Storage Services,,,,,,,,,,,,,,,,,,,,,,,,
Talent Solutions,,https://cloud.google.com/talent-solutions,,,,,,,,,,AI-powered recruitment solutions,,,,,,,,,,,,Google Cloud Platform,AI/ML Services,,,,,,,,,,,,,,,,,,,,,,,,
Teams,,https://www.microsoft.com/microsoft-teams,,,,,,,,,,Collaboration and communication platform,,,,,,,,,,,,Microsoft Azure,Azure Applications,,,,,,,,,,,,,,,,,,,,,,,,
Text-to-Speech,,https://cloud.google.com/text-to-speech,,,,,,,,,,Convert text to natural-sounding speech,,,,,,,,,,,,Google Cloud Platform,AI/ML Services,,,,,,,,,,,,,,,,,,,,,,,,
Traffic Director,,https://cloud.google.com/traffic-director,,,,,,,,,,Fully managed service mesh control plane,,,,,,,,,,,,Google Cloud Platform,Networking & Content Delivery,,,,,,,,,,,,,,,,,,,,,,,,
Traffic Manager,,https://azure.microsoft.com/services/traffic-manager/,,,,,,,,,,DNS-based traffic load balancer,,,,,,,,,,,,Microsoft Azure,Networking & Content Delivery,,,,,,,,,,,,,,,,,,,,,,,,
Translator,,https://azure.microsoft.com/services/cognitive-services/translator/,,,,,,,,,,Real-time text and document translation,,,,,,,,,,,,Microsoft Azure,AI/ML Services,,,,,,,,,,,,,,,,,,,,,,,,
Ultra Disks,,https://azure.microsoft.com/services/managed-disks/ultra/,,,,,,,,,,Ultra-high performance disk storage,,,,,,,,,,,,Microsoft Azure,Storage Services,,,,,,,,,,,,,,,,,,,,,,,,
Vertex AI,,https://cloud.google.com/vertex-ai,,,,,,,,,,Unified platform for machine learning,,,,,,,,,,,,Google Cloud Platform,AI/ML Services,,,,,,,,,,,,,,,,,,,,,,,,
Vertex AI Data Labeling,,https://cloud.google.com/vertex-ai/docs/datasets/label-data,,,,,,,,,,Data labeling service for ML,,,,,,,,,,,,Google Cloud Platform,AI/ML Services,,,,,,,,,,,,,,,,,,,,,,,,
Vertex AI Edge Manager,,https://cloud.google.com/vertex-ai/docs/edge/overview,,,,,,,,,,Deploy and manage ML models on edge devices,,,,,,,,,,,,Google Cloud Platform,AI/ML Services,,,,,,,,,,,,,,,,,,,,,,,,
Vertex AI Feature Store,,https://cloud.google.com/vertex-ai/docs/featurestore,,,,,,,,,,Managed feature management for ML,,,,,,,,,,,,Google Cloud Platform,AI/ML Services,,,,,,,,,,,,,,,,,,,,,,,,
Vertex AI Matching Engine,,https://cloud.google.com/vertex-ai/docs/matching-engine,,,,,,,,,,Vector similarity search service,,,,,,,,,,,,Google Cloud Platform,AI/ML Services,,,,,,,,,,,,,,,,,,,,,,,,
Vertex AI Model Monitoring,,https://cloud.google.com/vertex-ai/docs/model-monitoring,,,,,,,,,,Monitor ML model performance,,,,,,,,,,,,Google Cloud Platform,AI/ML Services,,,,,,,,,,,,,,,,,,,,,,,,
Vertex AI Pipelines,,https://cloud.google.com/vertex-ai/docs/pipelines,,,,,,,,,,Serverless ML workflow orchestration,,,,,,,,,,,,Google Cloud Platform,AI/ML Services,,,,,,,,,,,,,,,,,,,,,,,,
Vertex AI Predictions,,https://cloud.google.com/vertex-ai/docs/predictions,,,,,,,,,,Serve ML models with auto-scaling,,,,,,,,,,,,Google Cloud Platform,AI/ML Services,,,,,,,,,,,,,,,,,,,,,,,,
Vertex AI Search and Conversation,,https://cloud.google.com/products/discovery-ai,,,,,,,,,,Build generative AI search and chat applications,,,,,,,,,,,,Google Cloud Platform,GCP Applications,,,,,,,,,,,,,,,,,,,,,,,,
Vertex AI Tensorboard,,https://cloud.google.com/vertex-ai/docs/experiments/tensorboard,,,,,,,,,,ML experiment tracking and visualization,,,,,,,,,,,,Google Cloud Platform,AI/ML Services,,,,,,,,,,,,,,,,,,,,,,,,
Vertex AI Training,,https://cloud.google.com/vertex-ai/docs/training,,,,,,,,,,Train ML models at scale,,,,,,,,,,,,Google Cloud Platform,AI/ML Services,,,,,,,,,,,,,,,,,,,,,,,,
Vertex AI Vizier,,https://cloud.google.com/vertex-ai/docs/vizier,,,,,,,,,,Hyperparameter tuning service,,,,,,,,,,,,Google Cloud Platform,AI/ML Services,,,,,,,,,,,,,,,,,,,,,,,,
Vertex AI Workbench,,https://cloud.google.com/vertex-ai/docs/workbench,,,,,,,,,,Managed Jupyter notebook environment,,,,,,,,,,,,Google Cloud Platform,AI/ML Services,,,,,,,,,,,,,,,,,,,,,,,,
Vertex Explainable AI,,https://cloud.google.com/vertex-ai/docs/explainable-ai,,,,,,,,,,Understand ML model predictions,,,,,,,,,,,,Google Cloud Platform,AI/ML Services,,,,,,,,,,,,,,,,,,,,,,,,
Vertex ML Metadata,,https://cloud.google.com/vertex-ai/docs/ml-metadata,,,,,,,,,,Track ML metadata and artifacts,,,,,,,,,,,,Google Cloud Platform,AI/ML Services,,,,,,,,,,,,,,,,,,,,,,,,
Virtual Cloud Network,,https://www.oracle.com/cloud/networking/vcn/,,,,,,,,,,Isolated virtual network,,,,,,,,,,,,Oracle Cloud Infrastructure,Networking & Content Delivery,,,,,,,,,,,,,,,,,,,,,,,,
Virtual Machine Scale Sets,,https://azure.microsoft.com/services/virtual-machine-scale-sets/,,,,,,,,,,Automatically scale VMs based on demand,,,,,,,,,,,,Microsoft Azure,Compute Services,,,,,,,,,,,,,,,,,,,,,,,,
Virtual Network,,https://azure.microsoft.com/services/virtual-network/,,,,,,,,,,Isolated network in Azure cloud,,,,,,,,,,,,Microsoft Azure,Networking & Content Delivery,,,,,,,,,,,,,,,,,,,,,,,,
Virtual Private Cloud,,https://cloud.google.com/vpc,,,,,,,,,,Isolated virtual network in Google Cloud,,,,,,,,,,,,Google Cloud Platform,Networking & Content Delivery,,,,,,,,,,,,,,,,,,,,,,,,
Virtual Private Cloud,,https://www.ibm.com/cloud/vpc,,,,,,,,,,Isolated virtual network,,,,,,,,,,,,IBM Cloud,Networking & Content Delivery,,,,,,,,,,,,,,,,,,,,,,,,
Virtual Servers,,https://www.ibm.com/cloud/virtual-servers,,,,,,,,,,Scalable virtual machines on demand,,,,,,,,,,,,IBM Cloud,Compute Services,,,,,,,,,,,,,,,,,,,,,,,,
Virtual WAN,,https://azure.microsoft.com/services/virtual-wan/,,,,,,,,,,Unified wide area network,,,,,,,,,,,,Microsoft Azure,Networking & Content Delivery,,,,,,,,,,,,,,,,,,,,,,,,
Vision Product Search,,https://cloud.google.com/vision/product-search,,,,,,,,,,Search products by image,,,,,,,,,,,,Google Cloud Platform,AI/ML Services,,,,,,,,,,,,,,,,,,,,,,,,
VMware Aria Automation,,https://www.vmware.com/products/aria/automation.html,,,,,,,,,,Infrastructure automation and lifecycle management,,,,,,,,,,,,Broadcom,Infrastructure Software,,,,,,,,,,,,,,,,,,,,,,,,
VMware Aria Automation Orchestration,,https://www.vmware.com/products/aria/automation.html,,,,,,,,,,Multi-cloud orchestration engine,,,,,,,,,,,,Broadcom,Management & Operations,,,,,,,,,,,,,,,,,,,,,,,,
VMware Aria Cost,,https://www.vmware.com/products/aria/cost.html,,,,,,,,,,Cloud cost management and optimization,,,,,,,,,,,,Broadcom,Management & Operations,,,,,,,,,,,,,,,,,,,,,,,,
VMware Aria Operations,,https://www.vmware.com/products/aria/operations.html,,,,,,,,,,Intelligent operations and monitoring platform,,,,,,,,,,,,Broadcom,Infrastructure Software,,,,,,,,,,,,,,,,,,,,,,,,
VMware Carbon Black Cloud,,https://www.broadcom.com/products/cybersecurity/carbon-black,,,,,,,,,,Endpoint detection and response platform,,,,,,,,,,,,Broadcom,Security & Compliance,,,,,,,,,,,,,,,,,,,,,,,,
VMware Cloud on AWS,,https://aws.amazon.com/vmware/,,,,,,,,,,VMware infrastructure running on AWS,,,,,,,,,,,,AWS,Compute Services,,,,,,,,,,,,,,,,,,,,,,,,
VMware Engine,,https://cloud.google.com/vmware-engine,,,,,,,,,,Run VMware workloads on Google Cloud,,,,,,,,,,,,Google Cloud Platform,Compute Services,,,,,,,,,,,,,,,,,,,,,,,,
VMware Horizon,,https://www.vmware.com/products/horizon.html,,,,,,,,,,Desktop and application virtualization,,,,,,,,,,,,Broadcom,Broadcom Applications,,,,,,,,,,,,,,,,,,,,,,,,
VMware Kubernetes Engine,,https://www.vmware.com/products/cloud-infrastructure/kubernetes-engine.html,,,,,,,,,,Managed Kubernetes service powered by Broadcom,,,,,,,,,,,,Broadcom,Infrastructure Software,,,,,,,,,,,,,,,,,,,,,,,,
VMware NSX,,https://www.vmware.com/products/nsx.html,,,,,,,,,,Network virtualization and security platform,,,,,,,,,,,,Broadcom,Infrastructure Software,,,,,,,,,,,,,,,,,,,,,,,,
VMware NSX Security,,https://www.vmware.com/products/nsx.html,,,,,,,,,,Microsegmentation and network security,,,,,,,,,,,,Broadcom,Security & Compliance,,,,,,,,,,,,,,,,,,,,,,,,
VMware Skyline,,https://www.vmware.com/products/skyline.html,,,,,,,,,,Proactive support and optimization platform,,,,,,,,,,,,Broadcom,Management & Operations,,,,,,,,,,,,,,,,,,,,,,,,
VMware Spring,,https://spring.io/,,,,,,,,,,Open source application development framework,,,,,,,,,,,,Broadcom,Application Development,,,,,,,,,,,,,,,,,,,,,,,,
VMware Tanzu,,https://tanzu.vmware.com/,,,,,,,,,,Enterprise container and Kubernetes platform,,,,,,,,,,,,Broadcom,Infrastructure Software,,,,,,,,,,,,,,,,,,,,,,,,
VMware Tanzu Application Service,,https://tanzu.vmware.com/application-service,,,,,,,,,,Platform for building and deploying applications,,,,,,,,,,,,Broadcom,Application Development,,,,,,,,,,,,,,,,,,,,,,,,
VMware Tanzu Integration Hub,,https://tanzu.vmware.com/integration,,,,,,,,,,Enterprise integration and API management,,,,,,,,,,,,Broadcom,Integration & Middleware,,,,,,,,,,,,,,,,,,,,,,,,
VMware vCloud Director,,https://www.vmware.com/products/cloud-infrastructure/vcloud-director.html,,,,,,,,,,Cloud infrastructure platform for multi-tenant environments,,,,,,,,,,,,Broadcom,Infrastructure Software,,,,,,,,,,,,,,,,,,,,,,,,
VMware vRealize Suite,,https://www.vmware.com/products/vrealize-suite.html,,,,,,,,,,Unified management suite for infrastructure and applications,,,,,,,,,,,,Broadcom,Broadcom Applications,,,,,,,,,,,,,,,,,,,,,,,,
VMware vSAN,,https://www.vmware.com/products/vsan.html,,,,,,,,,,Software-defined storage for virtualized environments,,,,,,,,,,,,Broadcom,Infrastructure Software,,,,,,,,,,,,,,,,,,,,,,,,
VMware vSphere,,https://www.vmware.com/products/vsphere.html,,,,,,,,,,Enterprise virtualization platform for server consolidation,,,,,,,,,,,,Broadcom,Infrastructure Software,,,,,,,,,,,,,,,,,,,,,,,,
VPC Flow Logs,,https://docs.aws.amazon.com/vpc/latest/userguide/flow-logs.html,,,,,,,,,,Capture IP traffic information,,,,,,,,,,,,AWS,Networking & Content Delivery,,,,,,,,,,,,,,,,,,,,,,,,
VPC Peering,,https://docs.aws.amazon.com/vpc/latest/peering/,,,,,,,,,,Connect VPCs together,,,,,,,,,,,,AWS,Networking & Content Delivery,,,,,,,,,,,,,,,,,,,,,,,,
VPC Service Controls,,https://cloud.google.com/vpc-service-controls,,,,,,,,,,Enforce security boundaries,,,,,,,,,,,,Google Cloud Platform,Networking & Content Delivery,,,,,,,,,,,,,,,,,,,,,,,,
VPC Service Controls,,https://cloud.google.com/vpc-service-controls,,,,,,,,,,Enforce security boundaries,,,,,,,,,,,,Google Cloud Platform,GCP Applications,,,,,,,,,,,,,,,,,,,,,,,,
VPC/VNet Networking,,https://cloud.google.com/vpc,,,,,,,,,,Virtual private network solutions available across all cloud providers,,,,,,,,,,,,Cross-Cloud Services,Multi-Cloud Networking,,,,,,,,,,,,,,,,,,,,,,,,
VPN Gateway,,https://azure.microsoft.com/services/vpn-gateway/,,,,,,,,,,Site-to-site and point-to-site VPN connections,,,,,,,,,,,,Microsoft Azure,Networking & Content Delivery,,,,,,,,,,,,,,,,,,,,,,,,
Watson Assistant,,https://www.ibm.com/cloud/watson-assistant,,,,,,,,,,Build conversational AI assistants,,,,,,,,,,,,IBM Cloud,AI/ML Services,,,,,,,,,,,,,,,,,,,,,,,,
Watson Machine Learning,,https://www.ibm.com/cloud/machine-learning,,,,,,,,,,Build and deploy machine learning models,,,,,,,,,,,,IBM Cloud,AI/ML Services,,,,,,,,,,,,,,,,,,,,,,,,
